time_s,activity
0.000000000000000000e+00,0.000000000000000000e+00
3.710999999999999889e-03,0.000000000000000000e+00
7.420999999999999645e-03,0.000000000000000000e+00
1.113499999999999907e-02,0.000000000000000000e+00
1.485299999999999988e-02,0.000000000000000000e+00
1.856999999999999970e-02,0.000000000000000000e+00
2.228999999999999732e-02,0.000000000000000000e+00
2.597499999999999809e-02,0.000000000000000000e+00
2.964400000000000021e-02,0.000000000000000000e+00
3.335899999999999976e-02,0.000000000000000000e+00
3.703800000000000148e-02,0.000000000000000000e+00
4.071999999999999925e-02,0.000000000000000000e+00
4.442899999999999627e-02,0.000000000000000000e+00
4.811999999999999611e-02,0.000000000000000000e+00
5.181099999999999595e-02,0.000000000000000000e+00
5.551199999999999884e-02,0.000000000000000000e+00
5.919299999999999562e-02,0.000000000000000000e+00
6.289299999999999058e-02,0.000000000000000000e+00
6.658499999999999142e-02,0.000000000000000000e+00
7.029699999999999838e-02,0.000000000000000000e+00
7.397199999999999609e-02,0.000000000000000000e+00
7.767599999999999505e-02,0.000000000000000000e+00
8.138700000000000101e-02,0.000000000000000000e+00
8.510399999999999909e-02,0.000000000000000000e+00
8.878899999999999293e-02,0.000000000000000000e+00
9.250399999999998901e-02,0.000000000000000000e+00
9.615399999999998948e-02,0.000000000000000000e+00
9.986599999999999644e-02,0.000000000000000000e+00
1.035459999999999992e-01,0.000000000000000000e+00
1.072889999999999955e-01,0.000000000000000000e+00
1.109689999999999982e-01,0.000000000000000000e+00
1.146889999999999993e-01,0.000000000000000000e+00
1.183599999999999930e-01,0.000000000000000000e+00
1.220519999999999938e-01,0.000000000000000000e+00
1.257359999999999867e-01,0.000000000000000000e+00
1.294369999999999965e-01,0.000000000000000000e+00
1.331279999999999963e-01,0.000000000000000000e+00
1.368169999999999942e-01,0.000000000000000000e+00
1.405329999999999913e-01,0.000000000000000000e+00
1.442499999999999893e-01,0.000000000000000000e+00
1.479399999999999882e-01,0.000000000000000000e+00
1.516480000000000050e-01,0.000000000000000000e+00
1.553499999999999881e-01,0.000000000000000000e+00
1.590409999999999879e-01,0.000000000000000000e+00
1.627709999999999990e-01,0.000000000000000000e+00
1.665069999999999883e-01,0.000000000000000000e+00
1.702069999999999972e-01,0.000000000000000000e+00
1.738999999999999990e-01,0.000000000000000000e+00
1.776169999999999971e-01,0.000000000000000000e+00
1.813259999999999872e-01,0.000000000000000000e+00
1.849889999999999868e-01,0.000000000000000000e+00
1.886980000000000046e-01,0.000000000000000000e+00
1.923809999999999965e-01,0.000000000000000000e+00
1.960749999999999993e-01,0.000000000000000000e+00
1.997769999999999824e-01,0.000000000000000000e+00
2.034749999999999892e-01,0.000000000000000000e+00
2.072009999999999963e-01,0.000000000000000000e+00
2.109189999999999954e-01,0.000000000000000000e+00
2.146329999999999905e-01,0.000000000000000000e+00
2.183329999999999993e-01,0.000000000000000000e+00
2.219899999999999929e-01,0.000000000000000000e+00
2.256879999999999997e-01,0.000000000000000000e+00
2.293989999999999918e-01,0.000000000000000000e+00
2.330749999999999766e-01,0.000000000000000000e+00
2.367340000000000000e-01,0.000000000000000000e+00
2.404099999999999848e-01,0.000000000000000000e+00
2.440900000000000014e-01,0.000000000000000000e+00
2.477729999999999932e-01,0.000000000000000000e+00
2.515040000000000053e-01,0.000000000000000000e+00
2.552189999999999737e-01,0.000000000000000000e+00
2.589579999999999660e-01,0.000000000000000000e+00
2.626700000000000146e-01,0.000000000000000000e+00
2.663689999999999669e-01,0.000000000000000000e+00
2.700690000000000035e-01,0.000000000000000000e+00
2.737479999999999913e-01,0.000000000000000000e+00
2.774760000000000004e-01,0.000000000000000000e+00
2.811790000000000123e-01,0.000000000000000000e+00
2.849129999999999718e-01,0.000000000000000000e+00
2.886029999999999984e-01,0.000000000000000000e+00
2.922919999999999963e-01,0.000000000000000000e+00
2.959729999999999861e-01,0.000000000000000000e+00
2.996749999999999692e-01,0.000000000000000000e+00
3.033629999999999938e-01,0.000000000000000000e+00
3.070330000000000004e-01,0.000000000000000000e+00
3.107309999999999794e-01,0.000000000000000000e+00
3.144529999999999825e-01,0.000000000000000000e+00
3.181419999999999804e-01,0.000000000000000000e+00
3.218439999999999634e-01,0.000000000000000000e+00
3.255569999999999853e-01,0.000000000000000000e+00
3.292729999999999824e-01,0.000000000000000000e+00
3.329559999999999742e-01,0.000000000000000000e+00
3.366659999999999653e-01,0.000000000000000000e+00
3.403589999999999671e-01,0.000000000000000000e+00
3.440539999999999710e-01,0.000000000000000000e+00
3.477500000000000036e-01,0.000000000000000000e+00
3.514639999999999986e-01,0.000000000000000000e+00
3.551559999999999717e-01,0.000000000000000000e+00
3.588419999999999943e-01,0.000000000000000000e+00
3.625549999999999606e-01,0.000000000000000000e+00
3.662219999999999920e-01,0.000000000000000000e+00
3.699049999999999838e-01,0.000000000000000000e+00
3.736239999999999561e-01,0.000000000000000000e+00
3.773279999999999967e-01,0.000000000000000000e+00
3.810310000000000086e-01,0.000000000000000000e+00
3.847529999999999561e-01,0.000000000000000000e+00
3.884670000000000067e-01,0.000000000000000000e+00
3.921699999999999631e-01,0.000000000000000000e+00
3.958689999999999709e-01,0.000000000000000000e+00
3.995799999999999907e-01,0.000000000000000000e+00
4.032639999999999558e-01,0.000000000000000000e+00
4.069769999999999777e-01,0.000000000000000000e+00
4.106889999999999707e-01,0.000000000000000000e+00
4.143899999999999806e-01,0.000000000000000000e+00
4.180879999999999597e-01,0.000000000000000000e+00
4.218139999999999668e-01,0.000000000000000000e+00
4.255339999999999678e-01,0.000000000000000000e+00
4.292329999999999757e-01,0.000000000000000000e+00
4.329270000000000063e-01,0.000000000000000000e+00
4.366239999999999566e-01,0.000000000000000000e+00
4.403259999999999952e-01,0.000000000000000000e+00
4.440230000000000010e-01,0.000000000000000000e+00
4.476979999999999849e-01,0.000000000000000000e+00
4.514019999999999699e-01,0.000000000000000000e+00
4.550969999999999738e-01,0.000000000000000000e+00
4.588169999999999749e-01,0.000000000000000000e+00
4.625409999999999799e-01,0.000000000000000000e+00
4.663009999999999655e-01,0.000000000000000000e+00
4.699979999999999714e-01,0.000000000000000000e+00
4.737099999999999644e-01,0.000000000000000000e+00
4.773839999999999750e-01,0.000000000000000000e+00
4.810679999999999956e-01,0.000000000000000000e+00
4.847589999999999955e-01,0.000000000000000000e+00
4.884529999999999705e-01,0.000000000000000000e+00
4.921799999999999509e-01,0.000000000000000000e+00
4.958589999999999942e-01,0.000000000000000000e+00
4.995659999999999545e-01,0.000000000000000000e+00
5.032480000000000286e-01,0.000000000000000000e+00
5.069819999999999327e-01,0.000000000000000000e+00
5.107070000000000221e-01,0.000000000000000000e+00
5.144339999999999469e-01,0.000000000000000000e+00
5.181259999999999755e-01,0.000000000000000000e+00
5.218239999999999545e-01,0.000000000000000000e+00
5.255339999999999456e-01,0.000000000000000000e+00
5.292200000000000237e-01,0.000000000000000000e+00
5.328689999999999261e-01,0.000000000000000000e+00
5.365699999999999914e-01,0.000000000000000000e+00
5.402449999999999752e-01,0.000000000000000000e+00
5.439589999999999703e-01,0.000000000000000000e+00
5.476609999999999534e-01,0.000000000000000000e+00
5.513810000000000100e-01,0.000000000000000000e+00
5.550549999999999651e-01,0.000000000000000000e+00
5.587569999999999482e-01,0.000000000000000000e+00
5.624540000000000095e-01,0.000000000000000000e+00
5.661800000000000166e-01,0.000000000000000000e+00
5.698440000000000172e-01,0.000000000000000000e+00
5.735679999999999668e-01,0.000000000000000000e+00
5.772659999999999458e-01,0.000000000000000000e+00
5.809639999999999249e-01,0.000000000000000000e+00
5.846749999999999448e-01,0.000000000000000000e+00
5.883709999999999773e-01,0.000000000000000000e+00
5.920849999999999724e-01,0.000000000000000000e+00
5.957649999999999890e-01,0.000000000000000000e+00
5.994539999999999313e-01,0.000000000000000000e+00
6.031389999999999807e-01,0.000000000000000000e+00
6.068740000000000245e-01,0.000000000000000000e+00
6.105929999999999414e-01,0.000000000000000000e+00
6.142940000000000067e-01,0.000000000000000000e+00
6.180010000000000225e-01,0.000000000000000000e+00
6.216990000000000016e-01,0.000000000000000000e+00
6.254049999999999887e-01,0.000000000000000000e+00
6.291200000000000125e-01,0.000000000000000000e+00
6.328039999999999221e-01,0.000000000000000000e+00
6.365239999999999787e-01,0.000000000000000000e+00
6.402219999999999578e-01,0.000000000000000000e+00
6.439429999999999321e-01,0.000000000000000000e+00
6.476520000000000055e-01,0.000000000000000000e+00
6.513869999999999383e-01,0.000000000000000000e+00
6.550929999999999254e-01,0.000000000000000000e+00
6.587950000000000195e-01,0.000000000000000000e+00
6.625039999999999818e-01,0.000000000000000000e+00
6.662329999999999641e-01,0.000000000000000000e+00
6.699169999999999847e-01,0.000000000000000000e+00
6.736539999999999750e-01,0.000000000000000000e+00
6.773489999999999789e-01,0.000000000000000000e+00
6.810640000000000027e-01,0.000000000000000000e+00
6.847400000000000153e-01,0.000000000000000000e+00
6.884609999999999896e-01,0.000000000000000000e+00
6.921720000000000095e-01,0.000000000000000000e+00
6.958869999999999223e-01,0.000000000000000000e+00
6.996069999999999789e-01,0.000000000000000000e+00
7.033309999999999285e-01,0.000000000000000000e+00
7.070069999999999411e-01,0.000000000000000000e+00
7.107139999999999569e-01,0.000000000000000000e+00
7.144429999999999392e-01,0.000000000000000000e+00
7.181440000000000046e-01,0.000000000000000000e+00
7.218579999999999997e-01,0.000000000000000000e+00
7.255809999999999205e-01,0.000000000000000000e+00
7.292899999999999938e-01,0.000000000000000000e+00
7.329789999999999361e-01,0.000000000000000000e+00
7.366669999999999607e-01,0.000000000000000000e+00
7.404079999999999551e-01,0.000000000000000000e+00
7.441389999999999949e-01,0.000000000000000000e+00
7.478329999999999700e-01,0.000000000000000000e+00
7.515579999999999483e-01,0.000000000000000000e+00
7.552569999999999562e-01,0.000000000000000000e+00
7.589730000000000087e-01,0.000000000000000000e+00
7.626560000000000006e-01,0.000000000000000000e+00
7.663689999999999669e-01,0.000000000000000000e+00
7.700569999999999915e-01,0.000000000000000000e+00
7.737669999999999826e-01,0.000000000000000000e+00
7.774139999999999384e-01,0.000000000000000000e+00
7.810979999999999590e-01,0.000000000000000000e+00
7.848180000000000156e-01,0.000000000000000000e+00
7.885339999999999572e-01,0.000000000000000000e+00
7.922179999999999778e-01,0.000000000000000000e+00
7.959410000000000096e-01,0.000000000000000000e+00
7.996559999999999224e-01,0.000000000000000000e+00
8.033730000000000038e-01,0.000000000000000000e+00
8.070529999999999093e-01,0.000000000000000000e+00
8.107769999999999699e-01,0.000000000000000000e+00
8.144829999999999570e-01,0.000000000000000000e+00
8.182149999999999146e-01,0.000000000000000000e+00
8.219149999999999512e-01,0.000000000000000000e+00
8.256409999999999583e-01,0.000000000000000000e+00
8.293859999999999566e-01,0.000000000000000000e+00
8.331129999999999924e-01,0.000000000000000000e+00
8.368510000000000115e-01,0.000000000000000000e+00
8.405920000000000059e-01,0.000000000000000000e+00
8.442929999999999602e-01,0.000000000000000000e+00
8.480339999999999545e-01,0.000000000000000000e+00
8.517449999999999743e-01,0.000000000000000000e+00
8.554749999999999854e-01,0.000000000000000000e+00
8.591799999999999438e-01,0.000000000000000000e+00
8.629000000000000004e-01,0.000000000000000000e+00
8.666209999999999747e-01,0.000000000000000000e+00
8.703389999999999738e-01,0.000000000000000000e+00
8.740850000000000009e-01,0.000000000000000000e+00
8.777919999999999057e-01,0.000000000000000000e+00
8.814909999999999135e-01,0.000000000000000000e+00
8.851709999999999301e-01,0.000000000000000000e+00
8.888969999999999372e-01,0.000000000000000000e+00
8.925559999999999050e-01,0.000000000000000000e+00
8.962609999999999744e-01,0.000000000000000000e+00
8.999779999999999447e-01,0.000000000000000000e+00
9.036830000000000140e-01,0.000000000000000000e+00
9.073719999999999564e-01,0.000000000000000000e+00
9.110669999999999602e-01,0.000000000000000000e+00
9.147549999999999848e-01,0.000000000000000000e+00
9.184509999999999064e-01,0.000000000000000000e+00
9.221799999999999997e-01,0.000000000000000000e+00
9.258679999999999133e-01,0.000000000000000000e+00
9.295879999999999699e-01,0.000000000000000000e+00
9.333089999999999442e-01,0.000000000000000000e+00
9.370239999999999680e-01,0.000000000000000000e+00
9.407669999999999089e-01,0.000000000000000000e+00
9.444609999999999950e-01,0.000000000000000000e+00
9.481669999999999821e-01,0.000000000000000000e+00
9.518869999999999276e-01,0.000000000000000000e+00
9.555779999999999275e-01,0.000000000000000000e+00
9.592929999999999513e-01,0.000000000000000000e+00
9.630179999999999296e-01,0.000000000000000000e+00
9.667040000000000077e-01,0.000000000000000000e+00
9.704059999999999908e-01,0.000000000000000000e+00
9.741069999999999451e-01,0.000000000000000000e+00
9.778299999999999770e-01,0.000000000000000000e+00
9.815689999999999138e-01,0.000000000000000000e+00
9.852679999999999216e-01,0.000000000000000000e+00
9.889789999999999415e-01,0.000000000000000000e+00
9.926579999999999293e-01,0.000000000000000000e+00
9.963749999999998996e-01,0.000000000000000000e+00
1.000072999999999990e+00,0.000000000000000000e+00
1.003782999999999870e+00,0.000000000000000000e+00
1.007484000000000046e+00,0.000000000000000000e+00
1.011214000000000057e+00,0.000000000000000000e+00
1.014893000000000045e+00,0.000000000000000000e+00
1.018623000000000056e+00,0.000000000000000000e+00
1.022313000000000027e+00,0.000000000000000000e+00
1.026032999999999973e+00,0.000000000000000000e+00
1.029744999999999910e+00,0.000000000000000000e+00
1.033453999999999873e+00,0.000000000000000000e+00
1.037169999999999925e+00,0.000000000000000000e+00
1.040885999999999978e+00,0.000000000000000000e+00
1.044605999999999923e+00,0.000000000000000000e+00
1.048313999999999968e+00,0.000000000000000000e+00
1.052014000000000005e+00,0.000000000000000000e+00
1.055763999999999925e+00,0.000000000000000000e+00
1.059474999999999945e+00,0.000000000000000000e+00
1.063189999999999857e+00,0.000000000000000000e+00
1.066902999999999935e+00,0.000000000000000000e+00
1.070619999999999905e+00,0.000000000000000000e+00
1.074317999999999884e+00,0.000000000000000000e+00
1.078015999999999863e+00,0.000000000000000000e+00
1.081728999999999941e+00,0.000000000000000000e+00
1.085424999999999862e+00,0.000000000000000000e+00
1.089099999999999957e+00,0.000000000000000000e+00
1.092816999999999927e+00,0.000000000000000000e+00
1.096543000000000045e+00,0.000000000000000000e+00
1.100300999999999974e+00,0.000000000000000000e+00
1.104071000000000025e+00,0.000000000000000000e+00
1.107793999999999945e+00,0.000000000000000000e+00
1.111513999999999891e+00,0.000000000000000000e+00
1.115215999999999985e+00,0.000000000000000000e+00
1.118962000000000012e+00,0.000000000000000000e+00
1.122684999999999933e+00,0.000000000000000000e+00
1.126414000000000026e+00,0.000000000000000000e+00
1.130152999999999963e+00,0.000000000000000000e+00
1.133859999999999868e+00,0.000000000000000000e+00
1.137554999999999872e+00,0.000000000000000000e+00
1.141272999999999982e+00,0.000000000000000000e+00
1.144985999999999837e+00,0.000000000000000000e+00
1.148701999999999890e+00,0.000000000000000000e+00
1.152411999999999992e+00,0.000000000000000000e+00
1.156155999999999962e+00,0.000000000000000000e+00
1.159880999999999940e+00,0.000000000000000000e+00
1.163595999999999853e+00,0.000000000000000000e+00
1.167314999999999880e+00,0.000000000000000000e+00
1.171027000000000040e+00,0.000000000000000000e+00
1.174742999999999871e+00,0.000000000000000000e+00
1.178472999999999882e+00,0.000000000000000000e+00
1.182175999999999894e+00,0.000000000000000000e+00
1.185899000000000036e+00,0.000000000000000000e+00
1.189583999999999975e+00,0.000000000000000000e+00
1.193285999999999847e+00,0.000000000000000000e+00
1.196963999999999917e+00,0.000000000000000000e+00
1.200701999999999936e+00,0.000000000000000000e+00
1.204439000000000037e+00,0.000000000000000000e+00
1.208142999999999967e+00,0.000000000000000000e+00
1.211849999999999872e+00,0.000000000000000000e+00
1.215603999999999907e+00,0.000000000000000000e+00
1.219289999999999985e+00,0.000000000000000000e+00
1.223002999999999840e+00,0.000000000000000000e+00
1.226705999999999852e+00,0.000000000000000000e+00
1.230438999999999838e+00,0.000000000000000000e+00
1.234152999999999833e+00,0.000000000000000000e+00
1.237865999999999911e+00,0.000000000000000000e+00
1.241616999999999971e+00,0.000000000000000000e+00
1.245344999999999924e+00,0.000000000000000000e+00
1.249074000000000018e+00,0.000000000000000000e+00
1.252812999999999954e+00,0.000000000000000000e+00
1.256540999999999908e+00,0.000000000000000000e+00
1.260275999999999952e+00,0.000000000000000000e+00
1.263978999999999964e+00,0.000000000000000000e+00
1.267707999999999835e+00,0.000000000000000000e+00
1.271425000000000027e+00,0.000000000000000000e+00
1.275132999999999850e+00,0.000000000000000000e+00
1.278823000000000043e+00,0.000000000000000000e+00
1.282548000000000021e+00,0.000000000000000000e+00
1.286259999999999959e+00,0.000000000000000000e+00
1.290016000000000052e+00,0.000000000000000000e+00
1.293715999999999866e+00,0.000000000000000000e+00
1.297426999999999886e+00,0.000000000000000000e+00
1.301131999999999955e+00,0.000000000000000000e+00
1.304864999999999942e+00,0.000000000000000000e+00
1.308572999999999986e+00,0.000000000000000000e+00
1.312289000000000039e+00,0.000000000000000000e+00
1.316015999999999853e+00,0.000000000000000000e+00
1.319720999999999922e+00,0.000000000000000000e+00
1.323437999999999892e+00,0.000000000000000000e+00
1.327153999999999945e+00,0.000000000000000000e+00
1.330875000000000030e+00,0.000000000000000000e+00
1.334637999999999991e+00,0.000000000000000000e+00
1.338378999999999985e+00,0.000000000000000000e+00
1.342065999999999981e+00,0.000000000000000000e+00
1.345788999999999902e+00,0.000000000000000000e+00
1.349543999999999855e+00,0.000000000000000000e+00
1.353280999999999956e+00,0.000000000000000000e+00
1.356970000000000010e+00,0.000000000000000000e+00
1.360736999999999863e+00,0.000000000000000000e+00
1.364478999999999997e+00,0.000000000000000000e+00
1.368221999999999827e+00,0.000000000000000000e+00
1.371931000000000012e+00,0.000000000000000000e+00
1.375666999999999973e+00,0.000000000000000000e+00
1.379384999999999861e+00,0.000000000000000000e+00
1.383097000000000021e+00,0.000000000000000000e+00
1.386792000000000025e+00,0.000000000000000000e+00
1.390520999999999896e+00,0.000000000000000000e+00
1.394202999999999859e+00,0.000000000000000000e+00
1.397940999999999878e+00,0.000000000000000000e+00
1.401643999999999890e+00,0.000000000000000000e+00
1.405333999999999861e+00,0.000000000000000000e+00
1.409020999999999857e+00,0.000000000000000000e+00
1.412761999999999851e+00,0.000000000000000000e+00
1.416467999999999838e+00,0.000000000000000000e+00
1.420156999999999892e+00,0.000000000000000000e+00
1.423883999999999928e+00,0.000000000000000000e+00
1.427618999999999971e+00,0.000000000000000000e+00
1.431335999999999942e+00,0.000000000000000000e+00
1.435060000000000002e+00,0.000000000000000000e+00
1.438780999999999866e+00,0.000000000000000000e+00
1.442496999999999918e+00,0.000000000000000000e+00
1.446243999999999863e+00,0.000000000000000000e+00
1.449968999999999841e+00,0.000000000000000000e+00
1.453694000000000042e+00,0.000000000000000000e+00
1.457420999999999855e+00,0.000000000000000000e+00
1.461123999999999867e+00,0.000000000000000000e+00
1.464875999999999845e+00,0.000000000000000000e+00
1.468594999999999873e+00,0.000000000000000000e+00
1.472315000000000040e+00,0.000000000000000000e+00
1.476014999999999855e+00,0.000000000000000000e+00
1.479731999999999825e+00,0.000000000000000000e+00
1.483466999999999869e+00,0.000000000000000000e+00
1.487194999999999823e+00,0.000000000000000000e+00
1.490923999999999916e+00,0.000000000000000000e+00
1.494663999999999993e+00,0.000000000000000000e+00
1.498387999999999831e+00,0.000000000000000000e+00
1.502089000000000008e+00,0.000000000000000000e+00
1.505830000000000002e+00,0.000000000000000000e+00
1.509584000000000037e+00,0.000000000000000000e+00
1.513309000000000015e+00,0.000000000000000000e+00
1.517023999999999928e+00,0.000000000000000000e+00
1.520749999999999824e+00,0.000000000000000000e+00
1.524478999999999917e+00,0.000000000000000000e+00
1.528218999999999994e+00,0.000000000000000000e+00
1.531946000000000030e+00,0.000000000000000000e+00
1.535665999999999976e+00,0.000000000000000000e+00
1.539387999999999979e+00,0.000000000000000000e+00
1.543112999999999957e+00,0.000000000000000000e+00
1.546837999999999935e+00,0.000000000000000000e+00
1.550570000000000004e+00,0.000000000000000000e+00
1.554309999999999858e+00,0.000000000000000000e+00
1.558050999999999853e+00,0.000000000000000000e+00
1.561771000000000020e+00,0.000000000000000000e+00
1.565478999999999843e+00,0.000000000000000000e+00
1.569202999999999903e+00,0.000000000000000000e+00
1.572918999999999956e+00,0.000000000000000000e+00
1.576632999999999951e+00,0.000000000000000000e+00
1.580365000000000020e+00,0.000000000000000000e+00
1.584057999999999966e+00,0.000000000000000000e+00
1.587830999999999992e+00,0.000000000000000000e+00
1.591577000000000019e+00,0.000000000000000000e+00
1.595300999999999858e+00,0.000000000000000000e+00
1.599017999999999828e+00,0.000000000000000000e+00
1.602762000000000020e+00,0.000000000000000000e+00
1.606477999999999851e+00,0.000000000000000000e+00
1.610200999999999993e+00,0.000000000000000000e+00
1.613902999999999865e+00,0.000000000000000000e+00
1.617675999999999892e+00,0.000000000000000000e+00
1.621423999999999976e+00,0.000000000000000000e+00
1.625154999999999905e+00,0.000000000000000000e+00
1.628877999999999826e+00,0.000000000000000000e+00
1.632644999999999902e+00,0.000000000000000000e+00
1.636407999999999863e+00,0.000000000000000000e+00
1.640140999999999849e+00,0.000000000000000000e+00
1.643845999999999918e+00,0.000000000000000000e+00
1.647564000000000028e+00,0.000000000000000000e+00
1.651262999999999925e+00,0.000000000000000000e+00
1.654994999999999994e+00,0.000000000000000000e+00
1.658760999999999930e+00,0.000000000000000000e+00
1.662498999999999949e+00,0.000000000000000000e+00
1.666223999999999927e+00,0.000000000000000000e+00
1.669948999999999906e+00,0.000000000000000000e+00
1.673684999999999867e+00,0.000000000000000000e+00
1.677429999999999977e+00,0.000000000000000000e+00
1.681127999999999956e+00,0.000000000000000000e+00
1.684865999999999975e+00,0.000000000000000000e+00
1.688580999999999888e+00,0.000000000000000000e+00
1.692299999999999915e+00,0.000000000000000000e+00
1.695998999999999812e+00,0.000000000000000000e+00
1.699761999999999995e+00,0.000000000000000000e+00
1.703497999999999957e+00,0.000000000000000000e+00
1.707211999999999952e+00,0.000000000000000000e+00
1.710926999999999865e+00,0.000000000000000000e+00
1.714667999999999859e+00,0.000000000000000000e+00
1.718401999999999985e+00,0.000000000000000000e+00
1.722111999999999865e+00,0.000000000000000000e+00
1.725832999999999950e+00,0.000000000000000000e+00
1.729584000000000010e+00,0.000000000000000000e+00
1.733283999999999825e+00,0.000000000000000000e+00
1.737036000000000024e+00,0.000000000000000000e+00
1.740736999999999979e+00,0.000000000000000000e+00
1.744487999999999817e+00,0.000000000000000000e+00
1.748216999999999910e+00,0.000000000000000000e+00
1.751916000000000029e+00,0.000000000000000000e+00
1.755617999999999901e+00,0.000000000000000000e+00
1.759352000000000027e+00,0.000000000000000000e+00
1.763081999999999816e+00,0.000000000000000000e+00
1.766845999999999917e+00,0.000000000000000000e+00
1.770568999999999837e+00,0.000000000000000000e+00
1.774292999999999898e+00,0.000000000000000000e+00
1.777998999999999885e+00,0.000000000000000000e+00
1.781726999999999839e+00,0.000000000000000000e+00
1.785468999999999973e+00,0.000000000000000000e+00
1.789205999999999852e+00,0.000000000000000000e+00
1.792926000000000020e+00,0.000000000000000000e+00
1.796686999999999923e+00,0.000000000000000000e+00
1.800363999999999853e+00,0.000000000000000000e+00
1.804103000000000012e+00,0.000000000000000000e+00
1.807829999999999826e+00,0.000000000000000000e+00
1.811621999999999844e+00,0.000000000000000000e+00
1.815359999999999863e+00,0.000000000000000000e+00
1.819091999999999931e+00,0.000000000000000000e+00
1.822816999999999910e+00,0.000000000000000000e+00
1.826544999999999863e+00,0.000000000000000000e+00
1.830281999999999965e+00,0.000000000000000000e+00
1.834018999999999844e+00,0.000000000000000000e+00
1.837766999999999928e+00,0.000000000000000000e+00
1.841488999999999931e+00,0.000000000000000000e+00
1.845230999999999844e+00,0.000000000000000000e+00
1.848964999999999970e+00,0.000000000000000000e+00
1.852700000000000014e+00,0.000000000000000000e+00
1.856445999999999819e+00,0.000000000000000000e+00
1.860171000000000019e+00,0.000000000000000000e+00
1.863921999999999857e+00,0.000000000000000000e+00
1.867648999999999893e+00,0.000000000000000000e+00
1.871376999999999846e+00,0.000000000000000000e+00
1.875148999999999955e+00,0.000000000000000000e+00
1.878908000000000023e+00,0.000000000000000000e+00
1.882630000000000026e+00,0.000000000000000000e+00
1.886404999999999887e+00,0.000000000000000000e+00
1.890128999999999948e+00,0.000000000000000000e+00
1.893872000000000000e+00,0.000000000000000000e+00
1.897596999999999978e+00,0.000000000000000000e+00
1.901345999999999981e+00,0.000000000000000000e+00
1.905100999999999933e+00,0.000000000000000000e+00
1.908833999999999920e+00,0.000000000000000000e+00
1.912571000000000021e+00,0.000000000000000000e+00
1.916299999999999892e+00,0.000000000000000000e+00
1.920042999999999944e+00,0.000000000000000000e+00
1.923794000000000004e+00,0.000000000000000000e+00
1.927529999999999966e+00,0.000000000000000000e+00
1.931274999999999853e+00,0.000000000000000000e+00
1.935025999999999913e+00,0.000000000000000000e+00
1.938738999999999990e+00,0.000000000000000000e+00
1.942462999999999829e+00,0.000000000000000000e+00
1.946197999999999873e+00,0.000000000000000000e+00
1.949935999999999892e+00,0.000000000000000000e+00
1.953657999999999895e+00,0.000000000000000000e+00
1.957425999999999888e+00,0.000000000000000000e+00
1.961165999999999965e+00,0.000000000000000000e+00
1.964896999999999894e+00,0.000000000000000000e+00
1.968651999999999846e+00,0.000000000000000000e+00
1.972383999999999915e+00,0.000000000000000000e+00
1.976176999999999850e+00,0.000000000000000000e+00
1.979897000000000018e+00,0.000000000000000000e+00
1.983677999999999830e+00,0.000000000000000000e+00
1.987417999999999907e+00,0.000000000000000000e+00
1.991155000000000008e+00,0.000000000000000000e+00
1.994859999999999856e+00,0.000000000000000000e+00
1.998583999999999916e+00,0.000000000000000000e+00
2.002364999999999728e+00,0.000000000000000000e+00
2.006085000000000118e+00,0.000000000000000000e+00
2.009834999999999816e+00,0.000000000000000000e+00
2.013568999999999942e+00,0.000000000000000000e+00
2.017300999999999789e+00,0.000000000000000000e+00
2.021020000000000039e+00,0.000000000000000000e+00
2.024741000000000124e+00,0.000000000000000000e+00
2.028464999999999741e+00,0.000000000000000000e+00
2.032223999999999808e+00,0.000000000000000000e+00
2.035959000000000074e+00,0.000000000000000000e+00
2.039676000000000045e+00,0.000000000000000000e+00
2.043407999999999891e+00,0.000000000000000000e+00
2.047136000000000067e+00,0.000000000000000000e+00
2.050877999999999979e+00,0.000000000000000000e+00
2.054635999999999907e+00,0.000000000000000000e+00
2.058361000000000107e+00,0.000000000000000000e+00
2.062098999999999904e+00,0.000000000000000000e+00
2.065834999999999866e+00,0.000000000000000000e+00
2.069579999999999753e+00,0.000000000000000000e+00
2.073309999999999764e+00,0.000000000000000000e+00
2.077097999999999889e+00,0.000000000000000000e+00
2.080839000000000105e+00,0.000000000000000000e+00
2.084600999999999704e+00,0.000000000000000000e+00
2.088325999999999905e+00,0.000000000000000000e+00
2.092070000000000096e+00,0.000000000000000000e+00
2.095812000000000008e+00,0.000000000000000000e+00
2.099558000000000035e+00,0.000000000000000000e+00
2.103294999999999693e+00,0.000000000000000000e+00
2.107061999999999991e+00,0.000000000000000000e+00
2.110810999999999993e+00,0.000000000000000000e+00
2.114548999999999790e+00,0.000000000000000000e+00
2.118288999999999866e+00,0.000000000000000000e+00
2.122046000000000099e+00,0.000000000000000000e+00
2.125764999999999905e+00,0.000000000000000000e+00
2.129577999999999971e+00,0.000000000000000000e+00
2.133312999999999793e+00,0.000000000000000000e+00
2.137064000000000075e+00,0.000000000000000000e+00
2.140826999999999813e+00,0.000000000000000000e+00
2.144589999999999996e+00,0.000000000000000000e+00
2.148308000000000106e+00,0.000000000000000000e+00
2.152057999999999804e+00,0.000000000000000000e+00
2.155828000000000078e+00,0.000000000000000000e+00
2.159577999999999776e+00,0.000000000000000000e+00
2.163307999999999787e+00,0.000000000000000000e+00
2.167056000000000093e+00,0.000000000000000000e+00
2.170770999999999784e+00,0.000000000000000000e+00
2.174547000000000008e+00,0.000000000000000000e+00
2.178268999999999789e+00,0.000000000000000000e+00
2.182010000000000005e+00,0.000000000000000000e+00
2.185748999999999942e+00,0.000000000000000000e+00
2.189503999999999895e+00,0.000000000000000000e+00
2.193238000000000021e+00,0.000000000000000000e+00
2.196994999999999809e+00,0.000000000000000000e+00
2.200727999999999795e+00,0.000000000000000000e+00
2.204482999999999748e+00,0.000000000000000000e+00
2.208212999999999759e+00,0.000000000000000000e+00
2.211971999999999827e+00,0.000000000000000000e+00
2.215700000000000003e+00,0.000000000000000000e+00
2.219456000000000095e+00,0.000000000000000000e+00
2.223179999999999712e+00,0.000000000000000000e+00
2.226938999999999780e+00,0.000000000000000000e+00
2.230665000000000120e+00,0.000000000000000000e+00
2.234478999999999882e+00,0.000000000000000000e+00
2.238196999999999992e+00,0.000000000000000000e+00
2.241947999999999830e+00,0.000000000000000000e+00
2.245673000000000030e+00,0.000000000000000000e+00
2.249413999999999803e+00,0.000000000000000000e+00
2.253143999999999814e+00,0.000000000000000000e+00
2.256885999999999726e+00,0.000000000000000000e+00
2.260607999999999951e+00,0.000000000000000000e+00
2.264368999999999854e+00,0.000000000000000000e+00
2.268102999999999980e+00,0.000000000000000000e+00
2.271856999999999793e+00,0.000000000000000000e+00
2.275592999999999755e+00,0.000000000000000000e+00
2.279335999999999807e+00,0.000000000000000000e+00
2.283075999999999883e+00,0.000000000000000000e+00
2.286836999999999787e+00,0.000000000000000000e+00
2.290585999999999789e+00,0.000000000000000000e+00
2.294345999999999997e+00,0.000000000000000000e+00
2.298076999999999703e+00,0.000000000000000000e+00
2.301817999999999920e+00,0.000000000000000000e+00
2.305552999999999741e+00,0.000000000000000000e+00
2.309298999999999769e+00,0.000000000000000000e+00
2.313063999999999787e+00,0.000000000000000000e+00
2.316828999999999805e+00,0.000000000000000000e+00
2.320596999999999799e+00,0.000000000000000000e+00
2.324364999999999792e+00,0.000000000000000000e+00
2.328117999999999910e+00,0.000000000000000000e+00
2.331839999999999691e+00,0.000000000000000000e+00
2.335580999999999907e+00,0.000000000000000000e+00
2.339344999999999786e+00,0.000000000000000000e+00
2.343102000000000018e+00,0.000000000000000000e+00
2.346851000000000020e+00,0.000000000000000000e+00
2.350581000000000031e+00,0.000000000000000000e+00
2.354347999999999885e+00,0.000000000000000000e+00
2.358077999999999896e+00,0.000000000000000000e+00
2.361844000000000054e+00,0.000000000000000000e+00
2.365612000000000048e+00,0.000000000000000000e+00
2.369333999999999829e+00,0.000000000000000000e+00
2.373064999999999980e+00,0.000000000000000000e+00
2.376834999999999809e+00,0.000000000000000000e+00
2.380562999999999985e+00,0.000000000000000000e+00
2.384344000000000019e+00,0.000000000000000000e+00
2.388110999999999873e+00,0.000000000000000000e+00
2.391852999999999785e+00,0.000000000000000000e+00
2.395595999999999837e+00,0.000000000000000000e+00
2.399369999999999781e+00,0.000000000000000000e+00
2.403140999999999750e+00,0.000000000000000000e+00
2.406886999999999777e+00,0.000000000000000000e+00
2.410598999999999936e+00,0.000000000000000000e+00
2.414336000000000038e+00,0.000000000000000000e+00
2.418080999999999925e+00,0.000000000000000000e+00
2.421809999999999796e+00,0.000000000000000000e+00
2.425545999999999758e+00,0.000000000000000000e+00
2.429294000000000064e+00,0.000000000000000000e+00
2.433040999999999787e+00,0.000000000000000000e+00
2.436789999999999790e+00,0.000000000000000000e+00
2.440553999999999668e+00,0.000000000000000000e+00
2.444313999999999876e+00,0.000000000000000000e+00
2.448067999999999689e+00,0.000000000000000000e+00
2.451789999999999914e+00,0.000000000000000000e+00
2.455522999999999900e+00,0.000000000000000000e+00
2.459260999999999697e+00,0.000000000000000000e+00
2.463009999999999700e+00,0.000000000000000000e+00
2.466747999999999941e+00,0.000000000000000000e+00
2.470511999999999819e+00,0.000000000000000000e+00
2.474270999999999887e+00,0.000000000000000000e+00
2.477996999999999783e+00,0.000000000000000000e+00
2.481746999999999925e+00,0.000000000000000000e+00
2.485494999999999788e+00,0.000000000000000000e+00
2.489243999999999790e+00,0.000000000000000000e+00
2.492973000000000106e+00,0.000000000000000000e+00
2.496729999999999894e+00,0.000000000000000000e+00
2.500481999999999871e+00,0.000000000000000000e+00
2.504252999999999840e+00,0.000000000000000000e+00
2.508010999999999768e+00,0.000000000000000000e+00
2.511756000000000100e+00,0.000000000000000000e+00
2.515552999999999706e+00,0.000000000000000000e+00
2.519312999999999914e+00,0.000000000000000000e+00
2.523108999999999824e+00,0.000000000000000000e+00
2.526829999999999909e+00,0.000000000000000000e+00
2.530570999999999682e+00,0.000000000000000000e+00
2.534311999999999898e+00,0.000000000000000000e+00
2.538059999999999761e+00,0.000000000000000000e+00
2.541783999999999821e+00,0.000000000000000000e+00
2.545561999999999880e+00,0.000000000000000000e+00
2.549313999999999858e+00,0.000000000000000000e+00
2.553059999999999885e+00,0.000000000000000000e+00
2.556777999999999995e+00,0.000000000000000000e+00
2.560529999999999973e+00,0.000000000000000000e+00
2.564271999999999885e+00,0.000000000000000000e+00
2.568051999999999779e+00,0.000000000000000000e+00
2.571790000000000020e+00,0.000000000000000000e+00
2.575563999999999965e+00,0.000000000000000000e+00
2.579320999999999753e+00,0.000000000000000000e+00
2.583075000000000010e+00,0.000000000000000000e+00
2.586809999999999832e+00,0.000000000000000000e+00
2.590562999999999949e+00,0.000000000000000000e+00
2.594317999999999902e+00,0.000000000000000000e+00
2.598109999999999697e+00,0.000000000000000000e+00
2.601834999999999898e+00,0.000000000000000000e+00
2.605607999999999702e+00,0.000000000000000000e+00
2.609356000000000009e+00,0.000000000000000000e+00
2.613077000000000094e+00,0.000000000000000000e+00
2.616817999999999866e+00,0.000000000000000000e+00
2.620575000000000099e+00,0.000000000000000000e+00
2.624325999999999937e+00,0.000000000000000000e+00
2.628071999999999964e+00,0.000000000000000000e+00
2.631821999999999662e+00,0.000000000000000000e+00
2.635575999999999919e+00,0.000000000000000000e+00
2.639310999999999741e+00,0.000000000000000000e+00
2.643079999999999874e+00,0.000000000000000000e+00
2.646846000000000032e+00,0.000000000000000000e+00
2.650593999999999895e+00,0.000000000000000000e+00
2.654319000000000095e+00,0.000000000000000000e+00
2.658079999999999998e+00,0.000000000000000000e+00
2.661823999999999746e+00,0.000000000000000000e+00
2.665611999999999870e+00,0.000000000000000000e+00
2.669389999999999930e+00,0.000000000000000000e+00
2.673165000000000013e+00,0.000000000000000000e+00
2.676931999999999867e+00,0.000000000000000000e+00
2.680676000000000059e+00,0.000000000000000000e+00
2.684418999999999667e+00,0.000000000000000000e+00
2.688161999999999718e+00,0.000000000000000000e+00
2.691867999999999927e+00,0.000000000000000000e+00
2.695610999999999979e+00,0.000000000000000000e+00
2.699373999999999718e+00,0.000000000000000000e+00
2.703138000000000041e+00,0.000000000000000000e+00
2.706865999999999772e+00,0.000000000000000000e+00
2.710628999999999955e+00,0.000000000000000000e+00
2.714405999999999874e+00,0.000000000000000000e+00
2.718162999999999663e+00,0.000000000000000000e+00
2.721919999999999895e+00,0.000000000000000000e+00
2.725659999999999972e+00,0.000000000000000000e+00
2.729401999999999884e+00,0.000000000000000000e+00
2.733134999999999870e+00,0.000000000000000000e+00
2.736852999999999980e+00,0.000000000000000000e+00
2.740596000000000032e+00,0.000000000000000000e+00
2.744323000000000068e+00,0.000000000000000000e+00
2.748059999999999725e+00,0.000000000000000000e+00
2.751825999999999883e+00,0.000000000000000000e+00
2.755602999999999803e+00,0.000000000000000000e+00
2.759369999999999656e+00,0.000000000000000000e+00
2.763131000000000004e+00,0.000000000000000000e+00
2.766880000000000006e+00,0.000000000000000000e+00
2.770648000000000000e+00,0.000000000000000000e+00
2.774410000000000043e+00,0.000000000000000000e+00
2.778162999999999716e+00,0.000000000000000000e+00
2.781933999999999685e+00,0.000000000000000000e+00
2.785674999999999901e+00,0.000000000000000000e+00
2.789438999999999780e+00,0.000000000000000000e+00
2.793190999999999757e+00,0.000000000000000000e+00
2.796921999999999908e+00,0.000000000000000000e+00
2.800686999999999927e+00,0.000000000000000000e+00
2.804447999999999830e+00,0.000000000000000000e+00
2.808212999999999848e+00,0.000000000000000000e+00
2.811948999999999810e+00,0.000000000000000000e+00
2.815696999999999672e+00,0.000000000000000000e+00
2.819420999999999733e+00,0.000000000000000000e+00
2.823159999999999670e+00,0.000000000000000000e+00
2.826905000000000001e+00,0.000000000000000000e+00
2.830686999999999731e+00,0.000000000000000000e+00
2.834400000000000031e+00,0.000000000000000000e+00
2.838143000000000082e+00,0.000000000000000000e+00
2.841869999999999674e+00,0.000000000000000000e+00
2.845644000000000062e+00,0.000000000000000000e+00
2.849406999999999801e+00,0.000000000000000000e+00
2.853186000000000000e+00,0.000000000000000000e+00
2.856933999999999862e+00,0.000000000000000000e+00
2.860685999999999840e+00,0.000000000000000000e+00
2.864431999999999867e+00,0.000000000000000000e+00
2.868201999999999696e+00,0.000000000000000000e+00
2.871922000000000086e+00,0.000000000000000000e+00
2.875697999999999865e+00,0.000000000000000000e+00
2.879442999999999753e+00,0.000000000000000000e+00
2.883220999999999812e+00,0.000000000000000000e+00
2.886960999999999888e+00,0.000000000000000000e+00
2.890740999999999783e+00,0.000000000000000000e+00
2.894489000000000090e+00,0.000000000000000000e+00
2.898287999999999975e+00,0.000000000000000000e+00
2.902047999999999739e+00,0.000000000000000000e+00
2.905796000000000046e+00,0.000000000000000000e+00
2.909596000000000071e+00,0.000000000000000000e+00
2.913367000000000040e+00,0.000000000000000000e+00
2.917127999999999943e+00,0.000000000000000000e+00
2.920903999999999723e+00,0.000000000000000000e+00
2.924656999999999840e+00,0.000000000000000000e+00
2.928449000000000080e+00,0.000000000000000000e+00
2.932217000000000073e+00,0.000000000000000000e+00
2.935947999999999780e+00,0.000000000000000000e+00
2.939737999999999740e+00,0.000000000000000000e+00
2.943527999999999700e+00,0.000000000000000000e+00
2.947245999999999810e+00,0.000000000000000000e+00
2.950990999999999698e+00,0.000000000000000000e+00
2.954749999999999766e+00,0.000000000000000000e+00
2.958520999999999734e+00,0.000000000000000000e+00
2.962297999999999654e+00,0.000000000000000000e+00
2.966072999999999737e+00,0.000000000000000000e+00
2.969806999999999864e+00,0.000000000000000000e+00
2.973580999999999808e+00,0.000000000000000000e+00
2.977354000000000056e+00,0.000000000000000000e+00
2.981128999999999696e+00,0.000000000000000000e+00
2.984890999999999739e+00,0.000000000000000000e+00
2.988627999999999840e+00,0.000000000000000000e+00
2.992404999999999760e+00,0.000000000000000000e+00
2.996161999999999992e+00,0.000000000000000000e+00
2.999905000000000044e+00,0.000000000000000000e+00
3.003692999999999724e+00,0.000000000000000000e+00
3.007454000000000072e+00,0.000000000000000000e+00
3.011193999999999704e+00,0.000000000000000000e+00
3.014969999999999928e+00,0.000000000000000000e+00
3.018692999999999849e+00,0.000000000000000000e+00
3.022459000000000007e+00,0.000000000000000000e+00
3.026251999999999942e+00,0.000000000000000000e+00
3.029992000000000019e+00,0.000000000000000000e+00
3.033719999999999750e+00,0.000000000000000000e+00
3.037484000000000073e+00,0.000000000000000000e+00
3.041252999999999762e+00,0.000000000000000000e+00
3.044998999999999789e+00,0.000000000000000000e+00
3.048741999999999841e+00,0.000000000000000000e+00
3.052521000000000040e+00,0.000000000000000000e+00
3.056270000000000042e+00,0.000000000000000000e+00
3.060038999999999731e+00,0.000000000000000000e+00
3.063772999999999858e+00,0.000000000000000000e+00
3.067546999999999802e+00,0.000000000000000000e+00
3.071311999999999820e+00,1.000000000000000000e+00
3.075067999999999913e+00,0.000000000000000000e+00
3.078813999999999940e+00,0.000000000000000000e+00
3.082598999999999645e+00,0.000000000000000000e+00
3.086354999999999738e+00,0.000000000000000000e+00
3.090136999999999912e+00,0.000000000000000000e+00
3.093849999999999767e+00,0.000000000000000000e+00
3.097591999999999679e+00,0.000000000000000000e+00
3.101353999999999722e+00,0.000000000000000000e+00
3.105106999999999839e+00,0.000000000000000000e+00
3.108843999999999941e+00,0.000000000000000000e+00
3.112581999999999738e+00,0.000000000000000000e+00
3.116325999999999929e+00,0.000000000000000000e+00
3.120118999999999865e+00,0.000000000000000000e+00
3.123873999999999818e+00,0.000000000000000000e+00
3.127641999999999811e+00,0.000000000000000000e+00
3.131389999999999674e+00,0.000000000000000000e+00
3.135156999999999972e+00,0.000000000000000000e+00
3.138887999999999678e+00,0.000000000000000000e+00
3.142644999999999911e+00,0.000000000000000000e+00
3.146382000000000012e+00,0.000000000000000000e+00
3.150148999999999866e+00,0.000000000000000000e+00
3.153897999999999868e+00,0.000000000000000000e+00
3.157652999999999821e+00,0.000000000000000000e+00
3.161414999999999864e+00,0.000000000000000000e+00
3.165137999999999785e+00,0.000000000000000000e+00
3.168879999999999697e+00,0.000000000000000000e+00
3.172651999999999806e+00,0.000000000000000000e+00
3.176378999999999841e+00,0.000000000000000000e+00
3.180150999999999950e+00,0.000000000000000000e+00
3.183937999999999935e+00,0.000000000000000000e+00
3.187727999999999895e+00,0.000000000000000000e+00
3.191517999999999855e+00,0.000000000000000000e+00
3.195304999999999840e+00,0.000000000000000000e+00
3.199052999999999702e+00,0.000000000000000000e+00
3.202833000000000041e+00,0.000000000000000000e+00
3.206610999999999656e+00,0.000000000000000000e+00
3.210380999999999929e+00,0.000000000000000000e+00
3.214134999999999742e+00,0.000000000000000000e+00
3.217921000000000031e+00,0.000000000000000000e+00
3.221695999999999671e+00,0.000000000000000000e+00
3.225465999999999944e+00,0.000000000000000000e+00
3.229247999999999674e+00,0.000000000000000000e+00
3.233022999999999758e+00,0.000000000000000000e+00
3.236758999999999720e+00,0.000000000000000000e+00
3.240514999999999812e+00,0.000000000000000000e+00
3.244307999999999748e+00,0.000000000000000000e+00
3.248070999999999930e+00,0.000000000000000000e+00
3.251870999999999956e+00,0.000000000000000000e+00
3.255612999999999868e+00,0.000000000000000000e+00
3.259388999999999648e+00,0.000000000000000000e+00
3.263169999999999682e+00,0.000000000000000000e+00
3.266963999999999757e+00,0.000000000000000000e+00
3.270709999999999784e+00,0.000000000000000000e+00
3.274491999999999958e+00,0.000000000000000000e+00
3.278252999999999862e+00,0.000000000000000000e+00
3.282027999999999945e+00,0.000000000000000000e+00
3.285787000000000013e+00,0.000000000000000000e+00
3.289573999999999998e+00,0.000000000000000000e+00
3.293340999999999852e+00,0.000000000000000000e+00
3.297130999999999812e+00,0.000000000000000000e+00
3.300891999999999715e+00,0.000000000000000000e+00
3.304649999999999643e+00,0.000000000000000000e+00
3.308419999999999916e+00,0.000000000000000000e+00
3.312170000000000059e+00,0.000000000000000000e+00
3.315920999999999896e+00,0.000000000000000000e+00
3.319681999999999800e+00,0.000000000000000000e+00
3.323467999999999645e+00,0.000000000000000000e+00
3.327236999999999778e+00,0.000000000000000000e+00
3.330975999999999715e+00,0.000000000000000000e+00
3.334725999999999857e+00,0.000000000000000000e+00
3.338531999999999833e+00,0.000000000000000000e+00
3.342298999999999687e+00,0.000000000000000000e+00
3.346044999999999714e+00,0.000000000000000000e+00
3.349819999999999798e+00,0.000000000000000000e+00
3.353613999999999873e+00,0.000000000000000000e+00
3.357369999999999965e+00,0.000000000000000000e+00
3.361138999999999655e+00,0.000000000000000000e+00
3.364932000000000034e+00,0.000000000000000000e+00
3.368691999999999798e+00,0.000000000000000000e+00
3.372474999999999667e+00,0.000000000000000000e+00
3.376245999999999636e+00,0.000000000000000000e+00
3.380023000000000000e+00,0.000000000000000000e+00
3.383794999999999664e+00,0.000000000000000000e+00
3.387583999999999929e+00,0.000000000000000000e+00
3.391340999999999717e+00,0.000000000000000000e+00
3.395125999999999866e+00,0.000000000000000000e+00
3.398861999999999828e+00,0.000000000000000000e+00
3.402629999999999821e+00,0.000000000000000000e+00
3.406387000000000054e+00,0.000000000000000000e+00
3.410223999999999922e+00,0.000000000000000000e+00
3.413990999999999776e+00,0.000000000000000000e+00
3.417772999999999950e+00,0.000000000000000000e+00
3.421562999999999910e+00,0.000000000000000000e+00
3.425339999999999829e+00,0.000000000000000000e+00
3.429116000000000053e+00,0.000000000000000000e+00
3.432874999999999677e+00,0.000000000000000000e+00
3.436687000000000047e+00,0.000000000000000000e+00
3.440437999999999885e+00,0.000000000000000000e+00
3.444218999999999919e+00,0.000000000000000000e+00
3.447962999999999667e+00,0.000000000000000000e+00
3.451730999999999661e+00,0.000000000000000000e+00
3.455500999999999934e+00,0.000000000000000000e+00
3.459260999999999697e+00,0.000000000000000000e+00
3.463012999999999675e+00,0.000000000000000000e+00
3.466778999999999833e+00,0.000000000000000000e+00
3.470562999999999843e+00,0.000000000000000000e+00
3.474326000000000025e+00,0.000000000000000000e+00
3.478095999999999854e+00,0.000000000000000000e+00
3.481846999999999692e+00,0.000000000000000000e+00
3.485633999999999677e+00,0.000000000000000000e+00
3.489414000000000016e+00,0.000000000000000000e+00
3.493176999999999754e+00,0.000000000000000000e+00
3.496950999999999699e+00,0.000000000000000000e+00
3.500696999999999726e+00,0.000000000000000000e+00
3.504466999999999999e+00,0.000000000000000000e+00
3.508241999999999639e+00,0.000000000000000000e+00
3.512001999999999846e+00,0.000000000000000000e+00
3.515769999999999840e+00,0.000000000000000000e+00
3.519534999999999858e+00,0.000000000000000000e+00
3.523298999999999737e+00,0.000000000000000000e+00
3.527067999999999870e+00,0.000000000000000000e+00
3.530838999999999839e+00,0.000000000000000000e+00
3.534611999999999643e+00,0.000000000000000000e+00
3.538400999999999907e+00,0.000000000000000000e+00
3.542193999999999843e+00,0.000000000000000000e+00
3.545942999999999845e+00,0.000000000000000000e+00
3.549701999999999913e+00,0.000000000000000000e+00
3.553504999999999914e+00,0.000000000000000000e+00
3.557283999999999669e+00,0.000000000000000000e+00
3.561055999999999777e+00,0.000000000000000000e+00
3.564851999999999688e+00,0.000000000000000000e+00
3.568657999999999664e+00,0.000000000000000000e+00
3.572448999999999764e+00,0.000000000000000000e+00
3.576235000000000053e+00,0.000000000000000000e+00
3.580012999999999668e+00,0.000000000000000000e+00
3.583801999999999932e+00,0.000000000000000000e+00
3.587604999999999933e+00,0.000000000000000000e+00
3.591377999999999737e+00,0.000000000000000000e+00
3.595143999999999895e+00,0.000000000000000000e+00
3.598917999999999839e+00,0.000000000000000000e+00
3.602672999999999792e+00,0.000000000000000000e+00
3.606438999999999950e+00,0.000000000000000000e+00
3.610210999999999615e+00,0.000000000000000000e+00
3.613987999999999978e+00,0.000000000000000000e+00
3.617764999999999898e+00,0.000000000000000000e+00
3.621541999999999817e+00,0.000000000000000000e+00
3.625313999999999925e+00,0.000000000000000000e+00
3.629105999999999721e+00,0.000000000000000000e+00
3.632838999999999707e+00,0.000000000000000000e+00
3.636620999999999881e+00,0.000000000000000000e+00
3.640416999999999792e+00,0.000000000000000000e+00
3.644209999999999727e+00,0.000000000000000000e+00
3.647954999999999615e+00,0.000000000000000000e+00
3.651731999999999978e+00,0.000000000000000000e+00
3.655497999999999692e+00,0.000000000000000000e+00
3.659269999999999801e+00,0.000000000000000000e+00
3.663019999999999943e+00,0.000000000000000000e+00
3.666828999999999894e+00,0.000000000000000000e+00
3.670631999999999895e+00,0.000000000000000000e+00
3.674421999999999855e+00,0.000000000000000000e+00
3.678201000000000054e+00,0.000000000000000000e+00
3.681985999999999759e+00,0.000000000000000000e+00
3.685751999999999917e+00,0.000000000000000000e+00
3.689524999999999721e+00,0.000000000000000000e+00
3.693273000000000028e+00,0.000000000000000000e+00
3.697098999999999691e+00,0.000000000000000000e+00
3.700866999999999685e+00,0.000000000000000000e+00
3.704658999999999924e+00,0.000000000000000000e+00
3.708425999999999778e+00,0.000000000000000000e+00
3.712231999999999754e+00,0.000000000000000000e+00
3.716018999999999739e+00,0.000000000000000000e+00
3.719767999999999741e+00,0.000000000000000000e+00
3.723533999999999899e+00,0.000000000000000000e+00
3.727293999999999663e+00,0.000000000000000000e+00
3.731090999999999713e+00,0.000000000000000000e+00
3.734866999999999937e+00,0.000000000000000000e+00
3.738652999999999782e+00,0.000000000000000000e+00
3.742434999999999956e+00,0.000000000000000000e+00
3.746225999999999612e+00,0.000000000000000000e+00
3.749998999999999860e+00,0.000000000000000000e+00
3.753800999999999721e+00,0.000000000000000000e+00
3.757635999999999754e+00,0.000000000000000000e+00
3.761407999999999863e+00,0.000000000000000000e+00
3.765137999999999874e+00,0.000000000000000000e+00
3.768905999999999867e+00,0.000000000000000000e+00
3.772675999999999696e+00,0.000000000000000000e+00
3.776488999999999763e+00,0.000000000000000000e+00
3.780262000000000011e+00,0.000000000000000000e+00
3.784025999999999890e+00,0.000000000000000000e+00
3.787793999999999883e+00,0.000000000000000000e+00
3.791595000000000049e+00,0.000000000000000000e+00
3.795351999999999837e+00,0.000000000000000000e+00
3.799135999999999846e+00,0.000000000000000000e+00
3.802899999999999725e+00,0.000000000000000000e+00
3.806674999999999809e+00,0.000000000000000000e+00
3.810462999999999933e+00,0.000000000000000000e+00
3.814259999999999984e+00,0.000000000000000000e+00
3.818014999999999937e+00,0.000000000000000000e+00
3.821811999999999987e+00,0.000000000000000000e+00
3.825580999999999676e+00,0.000000000000000000e+00
3.829382999999999981e+00,0.000000000000000000e+00
3.833151999999999671e+00,0.000000000000000000e+00
3.836953999999999976e+00,0.000000000000000000e+00
3.840755999999999837e+00,0.000000000000000000e+00
3.844557999999999698e+00,0.000000000000000000e+00
3.848362999999999978e+00,0.000000000000000000e+00
3.852141000000000037e+00,0.000000000000000000e+00
3.855922999999999767e+00,0.000000000000000000e+00
3.859715000000000007e+00,0.000000000000000000e+00
3.863508999999999638e+00,0.000000000000000000e+00
3.867272999999999961e+00,0.000000000000000000e+00
3.871037999999999979e+00,0.000000000000000000e+00
3.874826999999999799e+00,0.000000000000000000e+00
3.878607999999999834e+00,0.000000000000000000e+00
3.882365999999999762e+00,0.000000000000000000e+00
3.886159999999999837e+00,0.000000000000000000e+00
3.889932999999999641e+00,0.000000000000000000e+00
3.893747999999999987e+00,0.000000000000000000e+00
3.897529999999999717e+00,0.000000000000000000e+00
3.901338999999999668e+00,0.000000000000000000e+00
3.905113999999999752e+00,0.000000000000000000e+00
3.908876999999999935e+00,0.000000000000000000e+00
3.912664999999999615e+00,0.000000000000000000e+00
3.916458999999999691e+00,0.000000000000000000e+00
3.920221999999999873e+00,0.000000000000000000e+00
3.924011999999999833e+00,0.000000000000000000e+00
3.927808999999999884e+00,0.000000000000000000e+00
3.931607999999999770e+00,0.000000000000000000e+00
3.935372999999999788e+00,0.000000000000000000e+00
3.939162999999999748e+00,0.000000000000000000e+00
3.942926999999999627e+00,0.000000000000000000e+00
3.946752999999999734e+00,0.000000000000000000e+00
3.950545999999999669e+00,0.000000000000000000e+00
3.954344999999999999e+00,0.000000000000000000e+00
3.958121999999999918e+00,0.000000000000000000e+00
3.961915999999999993e+00,0.000000000000000000e+00
3.965722999999999665e+00,0.000000000000000000e+00
3.969514999999999905e+00,0.000000000000000000e+00
3.973287000000000013e+00,0.000000000000000000e+00
3.977031999999999901e+00,0.000000000000000000e+00
3.980794999999999639e+00,0.000000000000000000e+00
3.984586999999999879e+00,0.000000000000000000e+00
3.988370999999999889e+00,0.000000000000000000e+00
3.992126999999999981e+00,0.000000000000000000e+00
3.995909999999999851e+00,0.000000000000000000e+00
3.999674999999999869e+00,0.000000000000000000e+00
4.003452999999999484e+00,0.000000000000000000e+00
4.007234999999999658e+00,0.000000000000000000e+00
4.011013000000000162e+00,0.000000000000000000e+00
4.014800999999999398e+00,0.000000000000000000e+00
4.018600000000000172e+00,0.000000000000000000e+00
4.022382999999999598e+00,0.000000000000000000e+00
4.026152999999999871e+00,0.000000000000000000e+00
4.029908999999999963e+00,0.000000000000000000e+00
4.033695999999999948e+00,0.000000000000000000e+00
4.037459999999999383e+00,0.000000000000000000e+00
4.041261999999999688e+00,0.000000000000000000e+00
4.045027000000000150e+00,0.000000000000000000e+00
4.048808999999999436e+00,0.000000000000000000e+00
4.052583999999999520e+00,0.000000000000000000e+00
4.056397999999999726e+00,0.000000000000000000e+00
4.060132999999999548e+00,0.000000000000000000e+00
4.063972999999999836e+00,0.000000000000000000e+00
4.067779999999999951e+00,0.000000000000000000e+00
4.071551999999999616e+00,0.000000000000000000e+00
4.075364999999999682e+00,0.000000000000000000e+00
4.079136000000000095e+00,0.000000000000000000e+00
4.082930999999999422e+00,0.000000000000000000e+00
4.086711000000000205e+00,0.000000000000000000e+00
4.090500999999999721e+00,0.000000000000000000e+00
4.094297000000000075e+00,0.000000000000000000e+00
4.098085000000000200e+00,0.000000000000000000e+00
4.101850999999999914e+00,0.000000000000000000e+00
4.105661999999999701e+00,0.000000000000000000e+00
4.109430999999999834e+00,0.000000000000000000e+00
4.113243999999999900e+00,0.000000000000000000e+00
4.117013000000000034e+00,0.000000000000000000e+00
4.120808999999999500e+00,0.000000000000000000e+00
4.124595999999999485e+00,0.000000000000000000e+00
4.128429999999999822e+00,0.000000000000000000e+00
4.132204999999999906e+00,0.000000000000000000e+00
4.135969000000000229e+00,0.000000000000000000e+00
4.139743000000000173e+00,0.000000000000000000e+00
4.143525999999999598e+00,0.000000000000000000e+00
4.147331999999999574e+00,0.000000000000000000e+00
4.151113999999999749e+00,0.000000000000000000e+00
4.154874999999999652e+00,0.000000000000000000e+00
4.158671000000000006e+00,0.000000000000000000e+00
4.162472999999999423e+00,0.000000000000000000e+00
4.166254999999999598e+00,0.000000000000000000e+00
4.170017999999999780e+00,0.000000000000000000e+00
4.173782000000000103e+00,0.000000000000000000e+00
4.177611999999999881e+00,0.000000000000000000e+00
4.181420000000000137e+00,0.000000000000000000e+00
4.185197999999999752e+00,0.000000000000000000e+00
4.188982000000000205e+00,0.000000000000000000e+00
4.192796999999999663e+00,0.000000000000000000e+00
4.196556999999999427e+00,0.000000000000000000e+00
4.200357999999999592e+00,0.000000000000000000e+00
4.204150999999999527e+00,0.000000000000000000e+00
4.207961000000000062e+00,0.000000000000000000e+00
4.211749000000000187e+00,0.000000000000000000e+00
4.215554000000000023e+00,0.000000000000000000e+00
4.219335000000000058e+00,0.000000000000000000e+00
4.223110000000000142e+00,0.000000000000000000e+00
4.226893999999999707e+00,0.000000000000000000e+00
4.230658000000000030e+00,0.000000000000000000e+00
4.234472000000000236e+00,0.000000000000000000e+00
4.238275999999999932e+00,0.000000000000000000e+00
4.242078999999999489e+00,0.000000000000000000e+00
4.245872999999999564e+00,0.000000000000000000e+00
4.249658999999999409e+00,0.000000000000000000e+00
4.253446999999999534e+00,0.000000000000000000e+00
4.257253999999999650e+00,0.000000000000000000e+00
4.261021999999999643e+00,0.000000000000000000e+00
4.264813999999999439e+00,0.000000000000000000e+00
4.268620999999999555e+00,0.000000000000000000e+00
4.272401999999999589e+00,0.000000000000000000e+00
4.276201999999999614e+00,0.000000000000000000e+00
4.280012000000000150e+00,0.000000000000000000e+00
4.283779000000000003e+00,0.000000000000000000e+00
4.287571999999999939e+00,0.000000000000000000e+00
4.291385000000000005e+00,0.000000000000000000e+00
4.295167999999999431e+00,0.000000000000000000e+00
4.298929999999999474e+00,0.000000000000000000e+00
4.302696000000000076e+00,0.000000000000000000e+00
4.306477000000000110e+00,0.000000000000000000e+00
4.310254999999999725e+00,0.000000000000000000e+00
4.314057000000000031e+00,0.000000000000000000e+00
4.317852000000000245e+00,0.000000000000000000e+00
4.321639999999999482e+00,0.000000000000000000e+00
4.325431000000000026e+00,0.000000000000000000e+00
4.329210999999999920e+00,0.000000000000000000e+00
4.332987000000000144e+00,0.000000000000000000e+00
4.336743000000000237e+00,0.000000000000000000e+00
4.340533999999999892e+00,0.000000000000000000e+00
4.344301999999999886e+00,0.000000000000000000e+00
4.348104999999999443e+00,0.000000000000000000e+00
4.351869999999999905e+00,0.000000000000000000e+00
4.355640999999999430e+00,0.000000000000000000e+00
4.359427000000000163e+00,0.000000000000000000e+00
4.363248999999999711e+00,0.000000000000000000e+00
4.367028999999999606e+00,0.000000000000000000e+00
4.370823999999999820e+00,0.000000000000000000e+00
4.374632000000000076e+00,0.000000000000000000e+00
4.378447999999999674e+00,0.000000000000000000e+00
4.382215999999999667e+00,0.000000000000000000e+00
4.385993000000000031e+00,0.000000000000000000e+00
4.389813999999999439e+00,0.000000000000000000e+00
4.393651999999999447e+00,0.000000000000000000e+00
4.397440999999999711e+00,0.000000000000000000e+00
4.401215999999999795e+00,0.000000000000000000e+00
4.405002999999999780e+00,0.000000000000000000e+00
4.408790999999999904e+00,0.000000000000000000e+00
4.412600999999999551e+00,0.000000000000000000e+00
4.416390999999999956e+00,0.000000000000000000e+00
4.420156999999999670e+00,0.000000000000000000e+00
4.423948999999999465e+00,0.000000000000000000e+00
4.427744999999999820e+00,0.000000000000000000e+00
4.431592999999999449e+00,0.000000000000000000e+00
4.435386999999999524e+00,0.000000000000000000e+00
4.439153000000000127e+00,0.000000000000000000e+00
4.442937999999999832e+00,0.000000000000000000e+00
4.446728999999999488e+00,0.000000000000000000e+00
4.450541999999999554e+00,0.000000000000000000e+00
4.454312999999999967e+00,0.000000000000000000e+00
4.458140999999999465e+00,0.000000000000000000e+00
4.461935999999999680e+00,0.000000000000000000e+00
4.465710999999999764e+00,0.000000000000000000e+00
4.469490999999999659e+00,0.000000000000000000e+00
4.473301999999999445e+00,0.000000000000000000e+00
4.477097999999999800e+00,0.000000000000000000e+00
4.480879999999999974e+00,0.000000000000000000e+00
4.484677999999999720e+00,0.000000000000000000e+00
4.488513000000000197e+00,0.000000000000000000e+00
4.492313999999999474e+00,0.000000000000000000e+00
4.496097999999999928e+00,0.000000000000000000e+00
4.499893999999999394e+00,0.000000000000000000e+00
4.503683999999999799e+00,0.000000000000000000e+00
4.507502999999999815e+00,0.000000000000000000e+00
4.511261999999999439e+00,0.000000000000000000e+00
4.515060000000000073e+00,0.000000000000000000e+00
4.518854000000000148e+00,0.000000000000000000e+00
4.522655999999999565e+00,0.000000000000000000e+00
4.526450999999999780e+00,0.000000000000000000e+00
4.530235000000000234e+00,0.000000000000000000e+00
4.533999999999999808e+00,0.000000000000000000e+00
4.537791999999999604e+00,0.000000000000000000e+00
4.541560999999999737e+00,0.000000000000000000e+00
4.545353999999999672e+00,0.000000000000000000e+00
4.549140999999999657e+00,0.000000000000000000e+00
4.552923999999999971e+00,0.000000000000000000e+00
4.556746999999999659e+00,0.000000000000000000e+00
4.560571999999999626e+00,0.000000000000000000e+00
4.564369000000000121e+00,0.000000000000000000e+00
4.568195999999999479e+00,0.000000000000000000e+00
4.571968000000000032e+00,0.000000000000000000e+00
4.575782999999999490e+00,0.000000000000000000e+00
4.579594999999999416e+00,0.000000000000000000e+00
4.583407000000000231e+00,0.000000000000000000e+00
4.587202999999999697e+00,0.000000000000000000e+00
4.591001999999999583e+00,0.000000000000000000e+00
4.594800999999999469e+00,0.000000000000000000e+00
4.598601999999999634e+00,0.000000000000000000e+00
4.602388999999999619e+00,0.000000000000000000e+00
4.606186000000000114e+00,0.000000000000000000e+00
4.609942999999999458e+00,0.000000000000000000e+00
4.613751999999999853e+00,0.000000000000000000e+00
4.617582999999999771e+00,0.000000000000000000e+00
4.621386000000000216e+00,0.000000000000000000e+00
4.625189999999999912e+00,0.000000000000000000e+00
4.628973000000000226e+00,0.000000000000000000e+00
4.632750999999999841e+00,0.000000000000000000e+00
4.636550999999999867e+00,0.000000000000000000e+00
4.640366999999999464e+00,0.000000000000000000e+00
4.644143999999999828e+00,0.000000000000000000e+00
4.647915999999999492e+00,0.000000000000000000e+00
4.651734999999999509e+00,0.000000000000000000e+00
4.655556999999999945e+00,0.000000000000000000e+00
4.659370000000000012e+00,0.000000000000000000e+00
4.663187999999999889e+00,0.000000000000000000e+00
4.667008000000000045e+00,0.000000000000000000e+00
4.670800999999999981e+00,0.000000000000000000e+00
4.674599999999999866e+00,0.000000000000000000e+00
4.678385999999999711e+00,0.000000000000000000e+00
4.682164999999999466e+00,0.000000000000000000e+00
4.685946999999999640e+00,0.000000000000000000e+00
4.689777999999999558e+00,0.000000000000000000e+00
4.693556000000000061e+00,0.000000000000000000e+00
4.697396999999999601e+00,0.000000000000000000e+00
4.701188000000000144e+00,0.000000000000000000e+00
4.704982000000000220e+00,0.000000000000000000e+00
4.708750000000000213e+00,0.000000000000000000e+00
4.712547999999999959e+00,0.000000000000000000e+00
4.716366999999999976e+00,0.000000000000000000e+00
4.720162999999999442e+00,0.000000000000000000e+00
4.723913999999999724e+00,0.000000000000000000e+00
4.727714999999999890e+00,0.000000000000000000e+00
4.731514999999999915e+00,0.000000000000000000e+00
4.735336000000000212e+00,0.000000000000000000e+00
4.739138999999999768e+00,0.000000000000000000e+00
4.742968999999999546e+00,0.000000000000000000e+00
4.746792000000000122e+00,0.000000000000000000e+00
4.750589999999999868e+00,0.000000000000000000e+00
4.754394999999999705e+00,0.000000000000000000e+00
4.758188999999999780e+00,0.000000000000000000e+00
4.761966999999999395e+00,0.000000000000000000e+00
4.765773999999999511e+00,0.000000000000000000e+00
4.769588999999999857e+00,0.000000000000000000e+00
4.773404000000000202e+00,0.000000000000000000e+00
4.777210999999999430e+00,0.000000000000000000e+00
4.780986999999999654e+00,0.000000000000000000e+00
4.784785999999999540e+00,0.000000000000000000e+00
4.788590999999999376e+00,0.000000000000000000e+00
4.792394999999999960e+00,0.000000000000000000e+00
4.796161999999999814e+00,0.000000000000000000e+00
4.799986999999999782e+00,0.000000000000000000e+00
4.803798999999999708e+00,0.000000000000000000e+00
4.807589000000000112e+00,0.000000000000000000e+00
4.811385999999999719e+00,0.000000000000000000e+00
4.815199999999999925e+00,0.000000000000000000e+00
4.819021999999999473e+00,0.000000000000000000e+00
4.822859999999999481e+00,0.000000000000000000e+00
4.826668999999999876e+00,0.000000000000000000e+00
4.830496999999999375e+00,0.000000000000000000e+00
4.834280999999999828e+00,0.000000000000000000e+00
4.838074999999999903e+00,0.000000000000000000e+00
4.841906999999999961e+00,0.000000000000000000e+00
4.845716999999999608e+00,0.000000000000000000e+00
4.849515999999999494e+00,0.000000000000000000e+00
4.853314999999999380e+00,0.000000000000000000e+00
4.857132000000000005e+00,0.000000000000000000e+00
4.860934999999999562e+00,0.000000000000000000e+00
4.864778999999999520e+00,0.000000000000000000e+00
4.868573999999999735e+00,0.000000000000000000e+00
4.872383999999999382e+00,0.000000000000000000e+00
4.876151999999999376e+00,0.000000000000000000e+00
4.879983999999999433e+00,0.000000000000000000e+00
4.883783999999999459e+00,0.000000000000000000e+00
4.887592999999999854e+00,0.000000000000000000e+00
4.891389000000000209e+00,0.000000000000000000e+00
4.895228999999999608e+00,0.000000000000000000e+00
4.899033000000000193e+00,0.000000000000000000e+00
4.902845999999999371e+00,0.000000000000000000e+00
4.906644000000000005e+00,0.000000000000000000e+00
4.910440999999999612e+00,0.000000000000000000e+00
4.914257999999999349e+00,0.000000000000000000e+00
4.918032000000000181e+00,0.000000000000000000e+00
4.921813000000000216e+00,0.000000000000000000e+00
4.925625000000000142e+00,0.000000000000000000e+00
4.929456000000000060e+00,0.000000000000000000e+00
4.933260999999999896e+00,0.000000000000000000e+00
4.937075000000000102e+00,0.000000000000000000e+00
4.940853999999999857e+00,0.000000000000000000e+00
4.944723999999999897e+00,0.000000000000000000e+00
4.948538000000000103e+00,0.000000000000000000e+00
4.952333999999999570e+00,0.000000000000000000e+00
4.956108999999999654e+00,0.000000000000000000e+00
4.959887000000000157e+00,0.000000000000000000e+00
4.963677999999999813e+00,0.000000000000000000e+00
4.967511000000000010e+00,0.000000000000000000e+00
4.971301999999999666e+00,0.000000000000000000e+00
4.975099000000000160e+00,0.000000000000000000e+00
4.978937999999999420e+00,0.000000000000000000e+00
4.982760999999999996e+00,0.000000000000000000e+00
4.986551999999999651e+00,0.000000000000000000e+00
4.990400000000000169e+00,0.000000000000000000e+00
4.994233999999999618e+00,0.000000000000000000e+00
4.998016999999999932e+00,0.000000000000000000e+00
5.001837000000000089e+00,0.000000000000000000e+00
5.005627999999999744e+00,0.000000000000000000e+00
5.009450999999999432e+00,0.000000000000000000e+00
5.013249000000000066e+00,0.000000000000000000e+00
5.017056999999999434e+00,0.000000000000000000e+00
5.020836000000000077e+00,0.000000000000000000e+00
5.024665999999999855e+00,0.000000000000000000e+00
5.028487000000000151e+00,0.000000000000000000e+00
5.032288999999999568e+00,0.000000000000000000e+00
5.036057999999999701e+00,0.000000000000000000e+00
5.039870999999999768e+00,0.000000000000000000e+00
5.043687999999999505e+00,0.000000000000000000e+00
5.047521999999999842e+00,0.000000000000000000e+00
5.051323000000000008e+00,0.000000000000000000e+00
5.055088999999999722e+00,0.000000000000000000e+00
5.058879999999999377e+00,0.000000000000000000e+00
5.062662999999999691e+00,0.000000000000000000e+00
5.066481999999999708e+00,0.000000000000000000e+00
5.070273999999999504e+00,0.000000000000000000e+00
5.074107999999999841e+00,0.000000000000000000e+00
5.077906999999999726e+00,0.000000000000000000e+00
5.081706999999999752e+00,0.000000000000000000e+00
5.085504999999999498e+00,0.000000000000000000e+00
5.089331999999999745e+00,0.000000000000000000e+00
5.093116999999999450e+00,0.000000000000000000e+00
5.096930999999999656e+00,0.000000000000000000e+00
5.100732999999999961e+00,0.000000000000000000e+00
5.104530999999999707e+00,0.000000000000000000e+00
5.108315999999999413e+00,0.000000000000000000e+00
5.112112999999999907e+00,0.000000000000000000e+00
5.115901000000000032e+00,0.000000000000000000e+00
5.119722999999999580e+00,0.000000000000000000e+00
5.123547999999999547e+00,0.000000000000000000e+00
5.127345000000000041e+00,0.000000000000000000e+00
5.131171000000000149e+00,0.000000000000000000e+00
5.134984999999999467e+00,0.000000000000000000e+00
5.138808000000000042e+00,0.000000000000000000e+00
5.142579999999999707e+00,0.000000000000000000e+00
5.146402999999999395e+00,0.000000000000000000e+00
5.150208000000000119e+00,0.000000000000000000e+00
5.154021000000000186e+00,0.000000000000000000e+00
5.157842999999999734e+00,0.000000000000000000e+00
5.161665999999999421e+00,0.000000000000000000e+00
5.165451000000000015e+00,0.000000000000000000e+00
5.169241999999999670e+00,0.000000000000000000e+00
5.173039000000000165e+00,0.000000000000000000e+00
5.176854999999999762e+00,0.000000000000000000e+00
5.180680999999999869e+00,0.000000000000000000e+00
5.184470999999999385e+00,0.000000000000000000e+00
5.188290999999999542e+00,0.000000000000000000e+00
5.192145000000000010e+00,0.000000000000000000e+00
5.195936999999999806e+00,0.000000000000000000e+00
5.199783000000000044e+00,0.000000000000000000e+00
5.203634000000000093e+00,0.000000000000000000e+00
5.207434999999999370e+00,0.000000000000000000e+00
5.211227000000000054e+00,0.000000000000000000e+00
5.215046999999999322e+00,0.000000000000000000e+00
5.218848999999999627e+00,0.000000000000000000e+00
5.222660999999999554e+00,0.000000000000000000e+00
5.226496000000000031e+00,0.000000000000000000e+00
5.230291999999999497e+00,0.000000000000000000e+00
5.234061999999999770e+00,0.000000000000000000e+00
5.237843999999999944e+00,0.000000000000000000e+00
5.241670000000000051e+00,0.000000000000000000e+00
5.245505999999999780e+00,0.000000000000000000e+00
5.249337999999999838e+00,0.000000000000000000e+00
5.253146999999999345e+00,0.000000000000000000e+00
5.256967999999999641e+00,0.000000000000000000e+00
5.260772999999999477e+00,0.000000000000000000e+00
5.264607999999999954e+00,0.000000000000000000e+00
5.268448999999999494e+00,0.000000000000000000e+00
5.272257999999999889e+00,0.000000000000000000e+00
5.276051999999999964e+00,0.000000000000000000e+00
5.279854999999999521e+00,0.000000000000000000e+00
5.283694999999999808e+00,0.000000000000000000e+00
5.287513999999999825e+00,0.000000000000000000e+00
5.291335999999999373e+00,0.000000000000000000e+00
5.295129000000000197e+00,0.000000000000000000e+00
5.298949999999999605e+00,0.000000000000000000e+00
5.302756999999999721e+00,0.000000000000000000e+00
5.306576999999999877e+00,0.000000000000000000e+00
5.310385000000000133e+00,0.000000000000000000e+00
5.314191999999999361e+00,0.000000000000000000e+00
5.317994999999999806e+00,0.000000000000000000e+00
5.321806999999999732e+00,0.000000000000000000e+00
5.325618999999999659e+00,0.000000000000000000e+00
5.329479999999999329e+00,0.000000000000000000e+00
5.333311000000000135e+00,0.000000000000000000e+00
5.337143999999999444e+00,0.000000000000000000e+00
5.340982999999999592e+00,0.000000000000000000e+00
5.344788999999999568e+00,0.000000000000000000e+00
5.348629999999999995e+00,0.000000000000000000e+00
5.352411000000000030e+00,0.000000000000000000e+00
5.356231999999999438e+00,0.000000000000000000e+00
5.360027999999999793e+00,0.000000000000000000e+00
5.363843000000000139e+00,0.000000000000000000e+00
5.367670999999999637e+00,0.000000000000000000e+00
5.371500000000000163e+00,0.000000000000000000e+00
5.375313999999999481e+00,0.000000000000000000e+00
5.379119999999999457e+00,0.000000000000000000e+00
5.382940999999999754e+00,0.000000000000000000e+00
5.386772999999999811e+00,0.000000000000000000e+00
5.390581999999999319e+00,0.000000000000000000e+00
5.394392999999999994e+00,0.000000000000000000e+00
5.398216999999999821e+00,0.000000000000000000e+00
5.402020999999999518e+00,0.000000000000000000e+00
5.405819000000000152e+00,0.000000000000000000e+00
5.409622999999999848e+00,0.000000000000000000e+00
5.413447999999999816e+00,0.000000000000000000e+00
5.417238999999999471e+00,0.000000000000000000e+00
5.421024999999999316e+00,0.000000000000000000e+00
5.424824000000000090e+00,0.000000000000000000e+00
5.428647999999999918e+00,0.000000000000000000e+00
5.432466999999999935e+00,0.000000000000000000e+00
5.436291999999999902e+00,0.000000000000000000e+00
5.440094999999999459e+00,0.000000000000000000e+00
5.443950000000000067e+00,0.000000000000000000e+00
5.447750999999999344e+00,0.000000000000000000e+00
5.451595000000000191e+00,0.000000000000000000e+00
5.455383999999999567e+00,0.000000000000000000e+00
5.459253999999999607e+00,0.000000000000000000e+00
5.463061999999999863e+00,0.000000000000000000e+00
5.466905999999999821e+00,0.000000000000000000e+00
5.470746999999999360e+00,0.000000000000000000e+00
5.474559999999999427e+00,0.000000000000000000e+00
5.478413999999999895e+00,0.000000000000000000e+00
5.482232999999999912e+00,0.000000000000000000e+00
5.486062999999999690e+00,0.000000000000000000e+00
5.489893999999999608e+00,0.000000000000000000e+00
5.493729000000000084e+00,0.000000000000000000e+00
5.497524999999999551e+00,0.000000000000000000e+00
5.501317999999999486e+00,0.000000000000000000e+00
5.505111999999999561e+00,0.000000000000000000e+00
5.508973000000000120e+00,0.000000000000000000e+00
5.512766000000000055e+00,0.000000000000000000e+00
5.516567999999999472e+00,0.000000000000000000e+00
5.520379999999999399e+00,0.000000000000000000e+00
5.524214999999999876e+00,0.000000000000000000e+00
5.528039999999999843e+00,0.000000000000000000e+00
5.531843999999999539e+00,0.000000000000000000e+00
5.535651999999999795e+00,0.000000000000000000e+00
5.539461999999999442e+00,0.000000000000000000e+00
5.543275999999999648e+00,0.000000000000000000e+00
5.547061999999999493e+00,0.000000000000000000e+00
5.550905999999999452e+00,0.000000000000000000e+00
5.554725999999999608e+00,0.000000000000000000e+00
5.558561000000000085e+00,0.000000000000000000e+00
5.562371999999999872e+00,0.000000000000000000e+00
5.566180999999999379e+00,0.000000000000000000e+00
5.569986999999999355e+00,0.000000000000000000e+00
5.573756999999999628e+00,0.000000000000000000e+00
5.577588999999999686e+00,0.000000000000000000e+00
5.581396999999999942e+00,0.000000000000000000e+00
5.585213999999999679e+00,0.000000000000000000e+00
5.589039999999999786e+00,0.000000000000000000e+00
5.592852999999999852e+00,0.000000000000000000e+00
5.596667000000000058e+00,0.000000000000000000e+00
5.600501999999999647e+00,0.000000000000000000e+00
5.604318999999999384e+00,0.000000000000000000e+00
5.608143000000000100e+00,0.000000000000000000e+00
5.611960999999999977e+00,0.000000000000000000e+00
5.615768999999999345e+00,0.000000000000000000e+00
5.619595999999999592e+00,0.000000000000000000e+00
5.623450999999999311e+00,0.000000000000000000e+00
5.627264999999999517e+00,0.000000000000000000e+00
5.631088999999999345e+00,0.000000000000000000e+00
5.634886999999999979e+00,0.000000000000000000e+00
5.638720999999999428e+00,0.000000000000000000e+00
5.642520999999999454e+00,0.000000000000000000e+00
5.646314999999999529e+00,0.000000000000000000e+00
5.650106000000000073e+00,0.000000000000000000e+00
5.653948999999999891e+00,0.000000000000000000e+00
5.657776999999999390e+00,0.000000000000000000e+00
5.661650999999999989e+00,0.000000000000000000e+00
5.665477000000000096e+00,0.000000000000000000e+00
5.669291999999999554e+00,0.000000000000000000e+00
5.673118999999999801e+00,0.000000000000000000e+00
5.676899999999999835e+00,0.000000000000000000e+00
5.680730999999999753e+00,0.000000000000000000e+00
5.684547999999999490e+00,0.000000000000000000e+00
5.688398999999999539e+00,0.000000000000000000e+00
5.692238999999999827e+00,0.000000000000000000e+00
5.696038999999999852e+00,0.000000000000000000e+00
5.699841000000000157e+00,0.000000000000000000e+00
5.703660999999999426e+00,0.000000000000000000e+00
5.707463999999999871e+00,0.000000000000000000e+00
5.711324999999999541e+00,0.000000000000000000e+00
5.715173999999999310e+00,0.000000000000000000e+00
5.718981999999999566e+00,0.000000000000000000e+00
5.722830999999999335e+00,0.000000000000000000e+00
5.726651999999999632e+00,0.000000000000000000e+00
5.730499000000000009e+00,0.000000000000000000e+00
5.734302999999999706e+00,0.000000000000000000e+00
5.738125999999999394e+00,0.000000000000000000e+00
5.741939999999999600e+00,0.000000000000000000e+00
5.745783999999999558e+00,0.000000000000000000e+00
5.749627999999999517e+00,0.000000000000000000e+00
5.753429999999999822e+00,0.000000000000000000e+00
5.757245000000000168e+00,0.000000000000000000e+00
5.761074999999999946e+00,0.000000000000000000e+00
5.764852999999999561e+00,0.000000000000000000e+00
5.768667999999999907e+00,0.000000000000000000e+00
5.772459999999999702e+00,0.000000000000000000e+00
5.776314999999999422e+00,0.000000000000000000e+00
5.780132000000000048e+00,0.000000000000000000e+00
5.783970999999999307e+00,0.000000000000000000e+00
5.787818999999999825e+00,0.000000000000000000e+00
5.791659000000000113e+00,0.000000000000000000e+00
5.795482999999999940e+00,0.000000000000000000e+00
5.799267999999999645e+00,0.000000000000000000e+00
5.803086999999999662e+00,0.000000000000000000e+00
5.806909000000000098e+00,0.000000000000000000e+00
5.810748999999999498e+00,0.000000000000000000e+00
5.814570999999999934e+00,0.000000000000000000e+00
5.818387999999999671e+00,0.000000000000000000e+00
5.822172999999999377e+00,0.000000000000000000e+00
5.826003999999999294e+00,0.000000000000000000e+00
5.829812999999999690e+00,0.000000000000000000e+00
5.833643999999999608e+00,0.000000000000000000e+00
5.837468999999999575e+00,0.000000000000000000e+00
5.841323000000000043e+00,0.000000000000000000e+00
5.845139999999999780e+00,0.000000000000000000e+00
5.848952999999999847e+00,0.000000000000000000e+00
5.852777999999999814e+00,0.000000000000000000e+00
5.856580000000000119e+00,0.000000000000000000e+00
5.860416999999999987e+00,0.000000000000000000e+00
5.864246999999999765e+00,0.000000000000000000e+00
5.868082999999999494e+00,0.000000000000000000e+00
5.871882999999999520e+00,0.000000000000000000e+00
5.875668000000000113e+00,0.000000000000000000e+00
5.879512999999999323e+00,0.000000000000000000e+00
5.883369999999999322e+00,0.000000000000000000e+00
5.887179999999999858e+00,0.000000000000000000e+00
5.891001000000000154e+00,0.000000000000000000e+00
5.894845999999999364e+00,0.000000000000000000e+00
5.898668999999999940e+00,0.000000000000000000e+00
5.902510999999999619e+00,0.000000000000000000e+00
5.906346999999999348e+00,0.000000000000000000e+00
5.910171999999999315e+00,0.000000000000000000e+00
5.913973999999999620e+00,0.000000000000000000e+00
5.917819999999999858e+00,0.000000000000000000e+00
5.921617999999999604e+00,0.000000000000000000e+00
5.925447000000000131e+00,0.000000000000000000e+00
5.929251999999999967e+00,0.000000000000000000e+00
5.933089999999999975e+00,0.000000000000000000e+00
5.936914999999999942e+00,0.000000000000000000e+00
5.940752999999999950e+00,0.000000000000000000e+00
5.944561999999999458e+00,0.000000000000000000e+00
5.948409999999999975e+00,0.000000000000000000e+00
5.952211999999999392e+00,0.000000000000000000e+00
5.956029000000000018e+00,0.000000000000000000e+00
5.959888999999999548e+00,0.000000000000000000e+00
5.963715999999999795e+00,0.000000000000000000e+00
5.967602999999999547e+00,0.000000000000000000e+00
5.971400999999999293e+00,0.000000000000000000e+00
5.975222999999999729e+00,0.000000000000000000e+00
5.979022999999999755e+00,0.000000000000000000e+00
5.982852999999999533e+00,0.000000000000000000e+00
5.986676000000000109e+00,0.000000000000000000e+00
5.990533000000000108e+00,0.000000000000000000e+00
5.994346999999999426e+00,0.000000000000000000e+00
5.998164000000000051e+00,0.000000000000000000e+00
6.001977000000000118e+00,0.000000000000000000e+00
6.005849999999999689e+00,0.000000000000000000e+00
6.009685000000000166e+00,0.000000000000000000e+00
6.013513999999999804e+00,0.000000000000000000e+00
6.017324999999999591e+00,0.000000000000000000e+00
6.021141000000000076e+00,0.000000000000000000e+00
6.024969999999999715e+00,0.000000000000000000e+00
6.028767999999999461e+00,0.000000000000000000e+00
6.032591000000000037e+00,0.000000000000000000e+00
6.036383999999999972e+00,0.000000000000000000e+00
6.040204999999999380e+00,0.000000000000000000e+00
6.044008999999999965e+00,0.000000000000000000e+00
6.047858999999999874e+00,0.000000000000000000e+00
6.051684999999999981e+00,0.000000000000000000e+00
6.055555000000000021e+00,0.000000000000000000e+00
6.059398999999999980e+00,0.000000000000000000e+00
6.063250000000000028e+00,0.000000000000000000e+00
6.067071999999999576e+00,0.000000000000000000e+00
6.070926999999999296e+00,0.000000000000000000e+00
6.074771000000000143e+00,0.000000000000000000e+00
6.078580999999999790e+00,0.000000000000000000e+00
6.082408999999999288e+00,0.000000000000000000e+00
6.086265000000000036e+00,0.000000000000000000e+00
6.090074999999999683e+00,0.000000000000000000e+00
6.093881999999999799e+00,0.000000000000000000e+00
6.097723999999999478e+00,0.000000000000000000e+00
6.101570999999999856e+00,0.000000000000000000e+00
6.105389999999999873e+00,0.000000000000000000e+00
6.109195999999999849e+00,0.000000000000000000e+00
6.113013999999999726e+00,0.000000000000000000e+00
6.116858999999999824e+00,0.000000000000000000e+00
6.120700999999999503e+00,0.000000000000000000e+00
6.124551999999999552e+00,0.000000000000000000e+00
6.128402999999999601e+00,0.000000000000000000e+00
6.132263000000000019e+00,0.000000000000000000e+00
6.136066999999999716e+00,0.000000000000000000e+00
6.139917999999999765e+00,0.000000000000000000e+00
6.143769999999999953e+00,0.000000000000000000e+00
6.147603999999999402e+00,0.000000000000000000e+00
6.151415999999999329e+00,0.000000000000000000e+00
6.155242999999999576e+00,0.000000000000000000e+00
6.159066000000000152e+00,0.000000000000000000e+00
6.162889999999999979e+00,0.000000000000000000e+00
6.166716999999999338e+00,0.000000000000000000e+00
6.170581999999999567e+00,0.000000000000000000e+00
6.174401999999999724e+00,0.000000000000000000e+00
6.178238999999999592e+00,0.000000000000000000e+00
6.182038999999999618e+00,0.000000000000000000e+00
6.185890999999999806e+00,0.000000000000000000e+00
6.189739999999999576e+00,0.000000000000000000e+00
6.193601000000000134e+00,0.000000000000000000e+00
6.197423999999999822e+00,0.000000000000000000e+00
6.201235999999999748e+00,0.000000000000000000e+00
6.205070000000000086e+00,0.000000000000000000e+00
6.208927000000000085e+00,0.000000000000000000e+00
6.212767999999999624e+00,0.000000000000000000e+00
6.216568999999999789e+00,0.000000000000000000e+00
6.220379999999999576e+00,0.000000000000000000e+00
6.224192999999999643e+00,0.000000000000000000e+00
6.228018999999999750e+00,0.000000000000000000e+00
6.231891000000000069e+00,0.000000000000000000e+00
6.235740999999999978e+00,0.000000000000000000e+00
6.239609999999999879e+00,0.000000000000000000e+00
6.243437000000000126e+00,0.000000000000000000e+00
6.247238999999999542e+00,0.000000000000000000e+00
6.251021999999999856e+00,0.000000000000000000e+00
6.254856999999999445e+00,0.000000000000000000e+00
6.258674999999999322e+00,0.000000000000000000e+00
6.262512000000000079e+00,0.000000000000000000e+00
6.266340999999999717e+00,0.000000000000000000e+00
6.270175000000000054e+00,0.000000000000000000e+00
6.274010999999999783e+00,0.000000000000000000e+00
6.277855999999999881e+00,0.000000000000000000e+00
6.281702999999999371e+00,0.000000000000000000e+00
6.285546999999999329e+00,0.000000000000000000e+00
6.289384000000000086e+00,0.000000000000000000e+00
6.293233999999999995e+00,0.000000000000000000e+00
6.297073000000000143e+00,0.000000000000000000e+00
6.300904999999999312e+00,0.000000000000000000e+00
6.304736000000000118e+00,0.000000000000000000e+00
6.308581999999999468e+00,0.000000000000000000e+00
6.312463000000000157e+00,0.000000000000000000e+00
6.316277999999999615e+00,0.000000000000000000e+00
6.320120999999999434e+00,0.000000000000000000e+00
6.323913999999999369e+00,0.000000000000000000e+00
6.327773999999999788e+00,0.000000000000000000e+00
6.331586999999999854e+00,0.000000000000000000e+00
6.335454999999999615e+00,0.000000000000000000e+00
6.339281999999999861e+00,0.000000000000000000e+00
6.343115000000000059e+00,0.000000000000000000e+00
6.346979999999999400e+00,0.000000000000000000e+00
6.350812999999999597e+00,0.000000000000000000e+00
6.354667000000000066e+00,0.000000000000000000e+00
6.358468999999999482e+00,0.000000000000000000e+00
6.362308999999999770e+00,0.000000000000000000e+00
6.366124000000000116e+00,0.000000000000000000e+00
6.369951999999999614e+00,0.000000000000000000e+00
6.373795999999999573e+00,0.000000000000000000e+00
6.377638999999999392e+00,0.000000000000000000e+00
6.381501000000000090e+00,0.000000000000000000e+00
6.385373999999999661e+00,0.000000000000000000e+00
6.389235999999999471e+00,0.000000000000000000e+00
6.393072000000000088e+00,0.000000000000000000e+00
6.396885999999999406e+00,0.000000000000000000e+00
6.400701999999999892e+00,0.000000000000000000e+00
6.404523999999999440e+00,0.000000000000000000e+00
6.408386000000000138e+00,0.000000000000000000e+00
6.412243000000000137e+00,0.000000000000000000e+00
6.416036000000000072e+00,0.000000000000000000e+00
6.419882999999999562e+00,0.000000000000000000e+00
6.423713999999999480e+00,0.000000000000000000e+00
6.427564999999999529e+00,0.000000000000000000e+00
6.431407999999999348e+00,0.000000000000000000e+00
6.435248999999999775e+00,0.000000000000000000e+00
6.439072999999999602e+00,0.000000000000000000e+00
6.442886999999999809e+00,0.000000000000000000e+00
6.446701000000000015e+00,0.000000000000000000e+00
6.450505999999999851e+00,0.000000000000000000e+00
6.454352999999999341e+00,0.000000000000000000e+00
6.458181999999999867e+00,0.000000000000000000e+00
6.462012999999999785e+00,0.000000000000000000e+00
6.465837999999999752e+00,0.000000000000000000e+00
6.469668999999999670e+00,0.000000000000000000e+00
6.473521999999999998e+00,0.000000000000000000e+00
6.477364999999999817e+00,0.000000000000000000e+00
6.481209999999999916e+00,0.000000000000000000e+00
6.485056999999999405e+00,0.000000000000000000e+00
6.488893999999999274e+00,0.000000000000000000e+00
6.492728999999999751e+00,0.000000000000000000e+00
6.496554999999999858e+00,0.000000000000000000e+00
6.500384999999999636e+00,0.000000000000000000e+00
6.504218999999999973e+00,0.000000000000000000e+00
6.508060999999999652e+00,0.000000000000000000e+00
6.511891999999999570e+00,0.000000000000000000e+00
6.515760999999999470e+00,0.000000000000000000e+00
6.519622000000000028e+00,0.000000000000000000e+00
6.523452999999999946e+00,0.000000000000000000e+00
6.527292000000000094e+00,0.000000000000000000e+00
6.531112999999999502e+00,0.000000000000000000e+00
6.534985999999999962e+00,0.000000000000000000e+00
6.538844999999999352e+00,0.000000000000000000e+00
6.542657999999999419e+00,0.000000000000000000e+00
6.546463999999999395e+00,0.000000000000000000e+00
6.550321999999999534e+00,0.000000000000000000e+00
6.554132999999999321e+00,0.000000000000000000e+00
6.557941999999999716e+00,0.000000000000000000e+00
6.561824999999999797e+00,0.000000000000000000e+00
6.565687999999999747e+00,0.000000000000000000e+00
6.569513999999999854e+00,0.000000000000000000e+00
6.573362999999999623e+00,0.000000000000000000e+00
6.577177999999999969e+00,0.000000000000000000e+00
6.581030999999999409e+00,0.000000000000000000e+00
6.584869999999999557e+00,0.000000000000000000e+00
6.588655999999999402e+00,0.000000000000000000e+00
6.592518999999999352e+00,0.000000000000000000e+00
6.596370999999999540e+00,0.000000000000000000e+00
6.600198999999999927e+00,0.000000000000000000e+00
6.604057999999999318e+00,0.000000000000000000e+00
6.607928999999999498e+00,0.000000000000000000e+00
6.611805999999999628e+00,0.000000000000000000e+00
6.615647000000000055e+00,0.000000000000000000e+00
6.619491999999999265e+00,0.000000000000000000e+00
6.623312999999999562e+00,0.000000000000000000e+00
6.627155000000000129e+00,0.000000000000000000e+00
6.630986000000000047e+00,0.000000000000000000e+00
6.634841999999999906e+00,0.000000000000000000e+00
6.638711999999999946e+00,0.000000000000000000e+00
6.642522999999999733e+00,0.000000000000000000e+00
6.646355999999999931e+00,0.000000000000000000e+00
6.650184999999999569e+00,0.000000000000000000e+00
6.654020000000000046e+00,0.000000000000000000e+00
6.657821999999999463e+00,0.000000000000000000e+00
6.661666999999999561e+00,0.000000000000000000e+00
6.665499999999999758e+00,0.000000000000000000e+00
6.669348999999999528e+00,0.000000000000000000e+00
6.673205999999999527e+00,0.000000000000000000e+00
6.677037999999999585e+00,0.000000000000000000e+00
6.680854000000000070e+00,0.000000000000000000e+00
6.684730999999999312e+00,0.000000000000000000e+00
6.688579999999999970e+00,0.000000000000000000e+00
6.692450999999999262e+00,0.000000000000000000e+00
6.696314999999999351e+00,0.000000000000000000e+00
6.700160999999999589e+00,0.000000000000000000e+00
6.704002999999999268e+00,0.000000000000000000e+00
6.707835999999999466e+00,0.000000000000000000e+00
6.711702999999999975e+00,0.000000000000000000e+00
6.715573999999999266e+00,0.000000000000000000e+00
6.719427999999999734e+00,0.000000000000000000e+00
6.723254999999999981e+00,0.000000000000000000e+00
6.727128999999999692e+00,0.000000000000000000e+00
6.730936999999999948e+00,0.000000000000000000e+00
6.734784999999999577e+00,0.000000000000000000e+00
6.738660999999999568e+00,0.000000000000000000e+00
6.742512999999999757e+00,0.000000000000000000e+00
6.746372999999999287e+00,0.000000000000000000e+00
6.750218999999999525e+00,0.000000000000000000e+00
6.754031999999999591e+00,0.000000000000000000e+00
6.757858999999999838e+00,0.000000000000000000e+00
6.761697999999999986e+00,0.000000000000000000e+00
6.765570999999999557e+00,0.000000000000000000e+00
6.769413000000000125e+00,0.000000000000000000e+00
6.773202999999999641e+00,0.000000000000000000e+00
6.777067999999999870e+00,0.000000000000000000e+00
6.780917999999999779e+00,0.000000000000000000e+00
6.784777999999999309e+00,0.000000000000000000e+00
6.788654999999999440e+00,0.000000000000000000e+00
6.792538999999999660e+00,0.000000000000000000e+00
6.796412999999999371e+00,0.000000000000000000e+00
6.800254999999999939e+00,0.000000000000000000e+00
6.804096999999999618e+00,0.000000000000000000e+00
6.807929999999999815e+00,0.000000000000000000e+00
6.811780999999999864e+00,0.000000000000000000e+00
6.815611999999999782e+00,0.000000000000000000e+00
6.819473999999999592e+00,0.000000000000000000e+00
6.823299999999999699e+00,0.000000000000000000e+00
6.827126999999999946e+00,0.000000000000000000e+00
6.830956999999999724e+00,0.000000000000000000e+00
6.834816000000000003e+00,0.000000000000000000e+00
6.838690999999999853e+00,0.000000000000000000e+00
6.842527999999999722e+00,0.000000000000000000e+00
6.846396999999999622e+00,0.000000000000000000e+00
6.850232000000000099e+00,0.000000000000000000e+00
6.854066999999999688e+00,0.000000000000000000e+00
6.857868999999999993e+00,0.000000000000000000e+00
6.861724999999999852e+00,0.000000000000000000e+00
6.865590999999999333e+00,0.000000000000000000e+00
6.869460000000000122e+00,0.000000000000000000e+00
6.873296999999999990e+00,0.000000000000000000e+00
6.877155000000000129e+00,0.000000000000000000e+00
6.881012000000000128e+00,0.000000000000000000e+00
6.884835999999999956e+00,0.000000000000000000e+00
6.888694999999999347e+00,0.000000000000000000e+00
6.892506999999999273e+00,0.000000000000000000e+00
6.896389000000000102e+00,0.000000000000000000e+00
6.900227000000000110e+00,0.000000000000000000e+00
6.904052000000000078e+00,0.000000000000000000e+00
6.907871999999999346e+00,0.000000000000000000e+00
6.911749999999999616e+00,0.000000000000000000e+00
6.915601999999999805e+00,0.000000000000000000e+00
6.919490999999999836e+00,0.000000000000000000e+00
6.923360999999999876e+00,0.000000000000000000e+00
6.927188000000000123e+00,0.000000000000000000e+00
6.931027999999999523e+00,0.000000000000000000e+00
6.934895999999999283e+00,0.000000000000000000e+00
6.938759000000000121e+00,0.000000000000000000e+00
6.942594999999999850e+00,0.000000000000000000e+00
6.946480999999999462e+00,0.000000000000000000e+00
6.950328999999999979e+00,0.000000000000000000e+00
6.954178999999999888e+00,0.000000000000000000e+00
6.958006999999999387e+00,0.000000000000000000e+00
6.961894000000000027e+00,0.000000000000000000e+00
6.965745000000000076e+00,0.000000000000000000e+00
6.969591999999999565e+00,0.000000000000000000e+00
6.973474999999999646e+00,0.000000000000000000e+00
6.977308999999999983e+00,0.000000000000000000e+00
6.981147999999999243e+00,0.000000000000000000e+00
6.984970999999999819e+00,0.000000000000000000e+00
6.988812999999999498e+00,0.000000000000000000e+00
6.992664999999999687e+00,0.000000000000000000e+00
6.996522999999999826e+00,0.000000000000000000e+00
7.000344999999999374e+00,0.000000000000000000e+00
7.004189999999999472e+00,0.000000000000000000e+00
7.008032000000000039e+00,0.000000000000000000e+00
7.011885999999999619e+00,0.000000000000000000e+00
7.015736999999999668e+00,0.000000000000000000e+00
7.019592999999999527e+00,0.000000000000000000e+00
7.023473000000000077e+00,0.000000000000000000e+00
7.027298000000000044e+00,0.000000000000000000e+00
7.031142999999999255e+00,0.000000000000000000e+00
7.034987000000000101e+00,0.000000000000000000e+00
7.038828999999999780e+00,0.000000000000000000e+00
7.042686999999999919e+00,0.000000000000000000e+00
7.046542999999999779e+00,0.000000000000000000e+00
7.050406999999999869e+00,0.000000000000000000e+00
7.054250999999999827e+00,0.000000000000000000e+00
7.058157999999999710e+00,0.000000000000000000e+00
7.061994999999999578e+00,0.000000000000000000e+00
7.065817000000000014e+00,0.000000000000000000e+00
7.069645999999999653e+00,0.000000000000000000e+00
7.073532999999999404e+00,0.000000000000000000e+00
7.077371999999999552e+00,0.000000000000000000e+00
7.081227999999999412e+00,0.000000000000000000e+00
7.085035999999999667e+00,0.000000000000000000e+00
7.088884999999999437e+00,0.000000000000000000e+00
7.092727999999999255e+00,0.000000000000000000e+00
7.096588999999999814e+00,0.000000000000000000e+00
7.100438999999999723e+00,0.000000000000000000e+00
7.104290999999999912e+00,0.000000000000000000e+00
7.108113999999999599e+00,0.000000000000000000e+00
7.111933999999999756e+00,0.000000000000000000e+00
7.115806999999999327e+00,0.000000000000000000e+00
7.119645999999999475e+00,0.000000000000000000e+00
7.123497999999999664e+00,0.000000000000000000e+00
7.127346999999999433e+00,0.000000000000000000e+00
7.131187999999999860e+00,0.000000000000000000e+00
7.135024999999999729e+00,0.000000000000000000e+00
7.138884999999999259e+00,0.000000000000000000e+00
7.142743999999999538e+00,0.000000000000000000e+00
7.146622999999999948e+00,0.000000000000000000e+00
7.150492999999999988e+00,0.000000000000000000e+00
7.154335999999999807e+00,0.000000000000000000e+00
7.158179999999999765e+00,0.000000000000000000e+00
7.162014000000000102e+00,0.000000000000000000e+00
7.165865999999999403e+00,0.000000000000000000e+00
7.169705999999999690e+00,0.000000000000000000e+00
7.173620999999999803e+00,0.000000000000000000e+00
7.177463999999999622e+00,0.000000000000000000e+00
7.181320999999999621e+00,0.000000000000000000e+00
7.185153999999999819e+00,0.000000000000000000e+00
7.189053999999999611e+00,0.000000000000000000e+00
7.192927000000000071e+00,0.000000000000000000e+00
7.196782999999999930e+00,0.000000000000000000e+00
7.200641999999999321e+00,0.000000000000000000e+00
7.204499999999999460e+00,0.000000000000000000e+00
7.208355000000000068e+00,0.000000000000000000e+00
7.212197999999999887e+00,0.000000000000000000e+00
7.216050999999999327e+00,0.000000000000000000e+00
7.219880999999999993e+00,0.000000000000000000e+00
7.223751999999999285e+00,0.000000000000000000e+00
7.227629999999999555e+00,0.000000000000000000e+00
7.231529999999999347e+00,0.000000000000000000e+00
7.235401999999999667e+00,0.000000000000000000e+00
7.239238999999999535e+00,0.000000000000000000e+00
7.243081999999999354e+00,0.000000000000000000e+00
7.246902999999999651e+00,0.000000000000000000e+00
7.250801000000000052e+00,0.000000000000000000e+00
7.254677999999999294e+00,0.000000000000000000e+00
7.258560999999999375e+00,0.000000000000000000e+00
7.262398999999999383e+00,0.000000000000000000e+00
7.266262999999999472e+00,0.000000000000000000e+00
7.270097999999999949e+00,0.000000000000000000e+00
7.273946999999999719e+00,0.000000000000000000e+00
7.277832000000000079e+00,0.000000000000000000e+00
7.281657999999999298e+00,0.000000000000000000e+00
7.285520999999999248e+00,0.000000000000000000e+00
7.289353999999999445e+00,0.000000000000000000e+00
7.293196000000000012e+00,0.000000000000000000e+00
7.297049999999999592e+00,0.000000000000000000e+00
7.300888999999999740e+00,0.000000000000000000e+00
7.304744999999999600e+00,0.000000000000000000e+00
7.308614999999999640e+00,0.000000000000000000e+00
7.312438999999999467e+00,0.000000000000000000e+00
7.316310999999999787e+00,0.000000000000000000e+00
7.320176999999999268e+00,0.000000000000000000e+00
7.324043999999999777e+00,0.000000000000000000e+00
7.327901999999999916e+00,0.000000000000000000e+00
7.331775999999999627e+00,0.000000000000000000e+00
7.335638999999999577e+00,0.000000000000000000e+00
7.339504999999999946e+00,0.000000000000000000e+00
7.343345999999999485e+00,0.000000000000000000e+00
7.347178999999999682e+00,0.000000000000000000e+00
7.351015999999999551e+00,0.000000000000000000e+00
7.354851999999999279e+00,0.000000000000000000e+00
7.358747999999999401e+00,0.000000000000000000e+00
7.362638999999999712e+00,0.000000000000000000e+00
7.366505999999999332e+00,0.000000000000000000e+00
7.370358999999999661e+00,0.000000000000000000e+00
7.374192999999999998e+00,0.000000000000000000e+00
7.378085999999999700e+00,0.000000000000000000e+00
7.381902999999999437e+00,0.000000000000000000e+00
7.385762999999999856e+00,0.000000000000000000e+00
7.389660999999999369e+00,0.000000000000000000e+00
7.393536999999999360e+00,0.000000000000000000e+00
7.397376999999999647e+00,0.000000000000000000e+00
7.401245999999999547e+00,0.000000000000000000e+00
7.405110999999999777e+00,0.000000000000000000e+00
7.408967999999999776e+00,0.000000000000000000e+00
7.412855999999999668e+00,0.000000000000000000e+00
7.416700999999999766e+00,0.000000000000000000e+00
7.420566999999999247e+00,0.000000000000000000e+00
7.424433999999999756e+00,0.000000000000000000e+00
7.428285999999999945e+00,0.000000000000000000e+00
7.432093999999999312e+00,0.000000000000000000e+00
7.435931000000000068e+00,0.000000000000000000e+00
7.439798999999999829e+00,0.000000000000000000e+00
7.443667999999999729e+00,0.000000000000000000e+00
7.447496999999999368e+00,0.000000000000000000e+00
7.451347999999999416e+00,0.000000000000000000e+00
7.455201999999999884e+00,0.000000000000000000e+00
7.459018999999999622e+00,0.000000000000000000e+00
7.462895999999999752e+00,0.000000000000000000e+00
7.466779999999999973e+00,0.000000000000000000e+00
7.470648999999999873e+00,0.000000000000000000e+00
7.474495999999999363e+00,0.000000000000000000e+00
7.478372999999999493e+00,0.000000000000000000e+00
7.482213999999999920e+00,0.000000000000000000e+00
7.486091999999999302e+00,0.000000000000000000e+00
7.489974999999999383e+00,0.000000000000000000e+00
7.493846999999999703e+00,0.000000000000000000e+00
7.497713999999999324e+00,0.000000000000000000e+00
7.501562999999999981e+00,0.000000000000000000e+00
7.505452999999999264e+00,0.000000000000000000e+00
7.509279999999999511e+00,0.000000000000000000e+00
7.513148999999999411e+00,0.000000000000000000e+00
7.516995999999999789e+00,0.000000000000000000e+00
7.520867999999999221e+00,0.000000000000000000e+00
7.524697999999999887e+00,0.000000000000000000e+00
7.528566999999999787e+00,0.000000000000000000e+00
7.532445000000000057e+00,0.000000000000000000e+00
7.536284999999999457e+00,0.000000000000000000e+00
7.540146999999999267e+00,0.000000000000000000e+00
7.544032999999999767e+00,0.000000000000000000e+00
7.547906999999999478e+00,0.000000000000000000e+00
7.551772999999999847e+00,0.000000000000000000e+00
